tokens,cuda_event_dense_ffn_ms,cuda_event_dense_gemm1_gate_up_ms,cuda_event_dense_silu_ms,cuda_event_dense_mul_ms,cuda_event_dense_gemm2_down_ms,order,raw_name,kernel,category,label,time_ms
16,0.04919360160827637,0.0267142391204834,0.0040566399693489075,0.003917439877986908,0.014398720264434815,1,void cutlass::Kernel2<cutlass_80_wmma_tensorop_bf16_s161616gemm_bf16_32x32_64x2_nn_align8>(cutlass_80_wmma_tensorop_bf16_s161616gemm_bf16_32x32_64x2_nn_align8::Params),dense GEMM1 gate/up,dense_gemm1_gate_up,01. dense_gemm1_gate_up :: dense GEMM1 gate/up,0.02329600000000005
16,0.04919360160827637,0.0267142391204834,0.0040566399693489075,0.003917439877986908,0.014398720264434815,2,"void cublasLt::splitKreduce_kernel<32, 16, int, __nv_bfloat16, __nv_bfloat16, float, __nv_bfloat16, false, __nv_bfloat16, __nv_bfloat16, __nv_bfloat16, true, false, false, false>(cublasLt::cublasSplitKParams<float>, __nv_bfloat16 const*, __nv_bfloat16 const*, __nv_bfloat16*, __nv_bfloat16*, float const*, float const*, __nv_bfloat16 const*, __nv_bfloat16 const*, __nv_bfloat16*, void*, long, float*, int*, float*, float*, float const*, float const*, float const*, float const*, float const*)","void cublasLt::splitKreduce_kernel<32, 16, int, __nv_bfloat16, __nv_bfloat16, float, __nv_bfloat16, false, __nv_bfloat16, __nv_bfloat16, __nv_bfloat16, true, false, false, false>(c",other,"02. other :: void cublasLt::splitKreduce_kernel<32, 16, int, __nv_bfloat16, __nv_bfloat16, float, __nv_bfloat16, false, __nv_bfloat16, __nv_bfloat16, __nv_bfloat16, true, false, false, false>(c",0.0015679999999999837
16,0.04919360160827637,0.0267142391204834,0.0040566399693489075,0.003917439877986908,0.014398720264434815,3,"void at::native::elementwise_kernel<128, 4, at::native::gpu_kernel_impl_nocast<at::native::(anonymous namespace)::silu_kernel(at::TensorIteratorBase&)::{lambda()#1}::operator()() const::{lambda()#6}::operator()() const::{lambda(c10::BFloat16)#1}>(at::TensorIteratorBase&, at::native::(anonymous namespace)::silu_kernel(at::TensorIteratorBase&)::{lambda()#1}::operator()() const::{lambda()#6}::operator()() const::{lambda(c10::BFloat16)#1} const&)::{lambda(int)#1}>(int, at::native::gpu_kernel_impl_nocast<at::native::(anonymous namespace)::silu_kernel(at::TensorIteratorBase&)::{lambda()#1}::operator()() const::{lambda()#6}::operator()() const::{lambda(c10::BFloat16)#1}>(at::TensorIteratorBase&, at::native::(anonymous namespace)::silu_kernel(at::TensorIteratorBase&)::{lambda()#1}::operator()() const::{lambda()#6}::operator()() const::{lambda(c10::BFloat16)#1} const&)::{lambda(int)#1})",SiLU elementwise,dense_silu,03. dense_silu :: SiLU elementwise,0.0023360000000000125
16,0.04919360160827637,0.0267142391204834,0.0040566399693489075,0.003917439877986908,0.014398720264434815,4,"void at::native::elementwise_kernel<128, 4, at::native::gpu_kernel_impl_nocast<at::native::BinaryFunctor<c10::BFloat16, c10::BFloat16, c10::BFloat16, at::native::binary_internal::MulFunctor<float> > >(at::TensorIteratorBase&, at::native::BinaryFunctor<c10::BFloat16, c10::BFloat16, c10::BFloat16, at::native::binary_internal::MulFunctor<float> > const&)::{lambda(int)#1}>(int, at::native::gpu_kernel_impl_nocast<at::native::BinaryFunctor<c10::BFloat16, c10::BFloat16, c10::BFloat16, at::native::binary_internal::MulFunctor<float> > >(at::TensorIteratorBase&, at::native::BinaryFunctor<c10::BFloat16, c10::BFloat16, c10::BFloat16, at::native::binary_internal::MulFunctor<float> > const&)::{lambda(int)#1})",multiply elementwise,dense_mul,04. dense_mul :: multiply elementwise,0.00211200000000008
16,0.04919360160827637,0.0267142391204834,0.0040566399693489075,0.003917439877986908,0.014398720264434815,5,void cutlass::Kernel2<cutlass_80_wmma_tensorop_bf16_s161616gemm_bf16_32x32_64x2_nn_align8>(cutlass_80_wmma_tensorop_bf16_s161616gemm_bf16_32x32_64x2_nn_align8::Params),dense GEMM2 down,dense_gemm2_down,05. dense_gemm2_down :: dense GEMM2 down,0.01164799999999991
16,0.04919360160827637,0.0267142391204834,0.0040566399693489075,0.003917439877986908,0.014398720264434815,6,"void cublasLt::splitKreduce_kernel<32, 16, int, __nv_bfloat16, __nv_bfloat16, float, __nv_bfloat16, false, __nv_bfloat16, __nv_bfloat16, __nv_bfloat16, true, false, false, false>(cublasLt::cublasSplitKParams<float>, __nv_bfloat16 const*, __nv_bfloat16 const*, __nv_bfloat16*, __nv_bfloat16*, float const*, float const*, __nv_bfloat16 const*, __nv_bfloat16 const*, __nv_bfloat16*, void*, long, float*, int*, float*, float*, float const*, float const*, float const*, float const*, float const*)","void cublasLt::splitKreduce_kernel<32, 16, int, __nv_bfloat16, __nv_bfloat16, float, __nv_bfloat16, false, __nv_bfloat16, __nv_bfloat16, __nv_bfloat16, true, false, false, false>(c",other,"06. other :: void cublasLt::splitKreduce_kernel<32, 16, int, __nv_bfloat16, __nv_bfloat16, float, __nv_bfloat16, false, __nv_bfloat16, __nv_bfloat16, __nv_bfloat16, true, false, false, false>(c",0.0014080000000001292
32,0.04713856220245361,0.022614400386810302,0.005190079808235168,0.005146560072898865,0.016476800441741945,1,void cutlass::Kernel2<cutlass_80_tensorop_bf16_s16816gemm_relu_bf16_128x64_32x6_nn_align8>(cutlass_80_tensorop_bf16_s16816gemm_relu_bf16_128x64_32x6_nn_align8::Params),dense GEMM1 gate/up,dense_gemm1_gate_up,01. dense_gemm1_gate_up :: dense GEMM1 gate/up,0.016831999999999993
32,0.04713856220245361,0.022614400386810302,0.005190079808235168,0.005146560072898865,0.016476800441741945,2,"void cublasLt::splitKreduce_kernel<32, 16, int, __nv_bfloat16, __nv_bfloat16, float, __nv_bfloat16, false, __nv_bfloat16, __nv_bfloat16, __nv_bfloat16, true, false, false, false>(cublasLt::cublasSplitKParams<float>, __nv_bfloat16 const*, __nv_bfloat16 const*, __nv_bfloat16*, __nv_bfloat16*, float const*, float const*, __nv_bfloat16 const*, __nv_bfloat16 const*, __nv_bfloat16*, void*, long, float*, int*, float*, float*, float const*, float const*, float const*, float const*, float const*)","void cublasLt::splitKreduce_kernel<32, 16, int, __nv_bfloat16, __nv_bfloat16, float, __nv_bfloat16, false, __nv_bfloat16, __nv_bfloat16, __nv_bfloat16, true, false, false, false>(c",other,"02. other :: void cublasLt::splitKreduce_kernel<32, 16, int, __nv_bfloat16, __nv_bfloat16, float, __nv_bfloat16, false, __nv_bfloat16, __nv_bfloat16, __nv_bfloat16, true, false, false, false>(c",0.002815999999999917
32,0.04713856220245361,0.022614400386810302,0.005190079808235168,0.005146560072898865,0.016476800441741945,3,"void at::native::elementwise_kernel<128, 4, at::native::gpu_kernel_impl_nocast<at::native::(anonymous namespace)::silu_kernel(at::TensorIteratorBase&)::{lambda()#1}::operator()() const::{lambda()#6}::operator()() const::{lambda(c10::BFloat16)#1}>(at::TensorIteratorBase&, at::native::(anonymous namespace)::silu_kernel(at::TensorIteratorBase&)::{lambda()#1}::operator()() const::{lambda()#6}::operator()() const::{lambda(c10::BFloat16)#1} const&)::{lambda(int)#1}>(int, at::native::gpu_kernel_impl_nocast<at::native::(anonymous namespace)::silu_kernel(at::TensorIteratorBase&)::{lambda()#1}::operator()() const::{lambda()#6}::operator()() const::{lambda(c10::BFloat16)#1}>(at::TensorIteratorBase&, at::native::(anonymous namespace)::silu_kernel(at::TensorIteratorBase&)::{lambda()#1}::operator()() const::{lambda()#6}::operator()() const::{lambda(c10::BFloat16)#1} const&)::{lambda(int)#1})",SiLU elementwise,dense_silu,03. dense_silu :: SiLU elementwise,0.00220900000000006
32,0.04713856220245361,0.022614400386810302,0.005190079808235168,0.005146560072898865,0.016476800441741945,4,"void at::native::elementwise_kernel<128, 4, at::native::gpu_kernel_impl_nocast<at::native::BinaryFunctor<c10::BFloat16, c10::BFloat16, c10::BFloat16, at::native::binary_internal::MulFunctor<float> > >(at::TensorIteratorBase&, at::native::BinaryFunctor<c10::BFloat16, c10::BFloat16, c10::BFloat16, at::native::binary_internal::MulFunctor<float> > const&)::{lambda(int)#1}>(int, at::native::gpu_kernel_impl_nocast<at::native::BinaryFunctor<c10::BFloat16, c10::BFloat16, c10::BFloat16, at::native::binary_internal::MulFunctor<float> > >(at::TensorIteratorBase&, at::native::BinaryFunctor<c10::BFloat16, c10::BFloat16, c10::BFloat16, at::native::binary_internal::MulFunctor<float> > const&)::{lambda(int)#1})",multiply elementwise,dense_mul,04. dense_mul :: multiply elementwise,0.0020160000000000763
32,0.04713856220245361,0.022614400386810302,0.005190079808235168,0.005146560072898865,0.016476800441741945,5,void cutlass::Kernel2<cutlass_80_tensorop_s16816gemm_bf16_64x64_32x6_nn_align8>(cutlass_80_tensorop_s16816gemm_bf16_64x64_32x6_nn_align8::Params),dense GEMM2 down,dense_gemm2_down,05. dense_gemm2_down :: dense GEMM2 down,0.011775999999999953
32,0.04713856220245361,0.022614400386810302,0.005190079808235168,0.005146560072898865,0.016476800441741945,6,"void cublasLt::splitKreduce_kernel<32, 16, int, float, __nv_bfloat16, float, __nv_bfloat16, false, __nv_bfloat16, __nv_bfloat16, __nv_bfloat16, true, false, false, false>(cublasLt::cublasSplitKParams<float>, float const*, __nv_bfloat16 const*, __nv_bfloat16*, __nv_bfloat16*, float const*, float const*, __nv_bfloat16 const*, float const*, __nv_bfloat16*, void*, long, float*, int*, float*, float*, float const*, float const*, float const*, float const*, float const*)","void cublasLt::splitKreduce_kernel<32, 16, int, float, __nv_bfloat16, float, __nv_bfloat16, false, __nv_bfloat16, __nv_bfloat16, __nv_bfloat16, true, false, false, false>(cublasLt:",other,"06. other :: void cublasLt::splitKreduce_kernel<32, 16, int, float, __nv_bfloat16, float, __nv_bfloat16, false, __nv_bfloat16, __nv_bfloat16, __nv_bfloat16, true, false, false, false>(cublasLt:",0.0019850000000000137
64,0.04512959957122803,0.022613120079040528,0.005063999891281128,0.005046079754829407,0.01442080020904541,1,void cutlass::Kernel2<cutlass_80_tensorop_bf16_s16816gemm_relu_bf16_256x64_32x4_nn_align8>(cutlass_80_tensorop_bf16_s16816gemm_relu_bf16_256x64_32x4_nn_align8::Params),dense GEMM1 gate/up,dense_gemm1_gate_up,01. dense_gemm1_gate_up :: dense GEMM1 gate/up,0.014688000000000102
64,0.04512959957122803,0.022613120079040528,0.005063999891281128,0.005046079754829407,0.01442080020904541,2,"void cublasLt::splitKreduce_kernel<32, 16, int, __nv_bfloat16, __nv_bfloat16, float, __nv_bfloat16, false, __nv_bfloat16, __nv_bfloat16, __nv_bfloat16, true, false, false, false>(cublasLt::cublasSplitKParams<float>, __nv_bfloat16 const*, __nv_bfloat16 const*, __nv_bfloat16*, __nv_bfloat16*, float const*, float const*, __nv_bfloat16 const*, __nv_bfloat16 const*, __nv_bfloat16*, void*, long, float*, int*, float*, float*, float const*, float const*, float const*, float const*, float const*)","void cublasLt::splitKreduce_kernel<32, 16, int, __nv_bfloat16, __nv_bfloat16, float, __nv_bfloat16, false, __nv_bfloat16, __nv_bfloat16, __nv_bfloat16, true, false, false, false>(c",other,"02. other :: void cublasLt::splitKreduce_kernel<32, 16, int, __nv_bfloat16, __nv_bfloat16, float, __nv_bfloat16, false, __nv_bfloat16, __nv_bfloat16, __nv_bfloat16, true, false, false, false>(c",0.0039349999999999455
64,0.04512959957122803,0.022613120079040528,0.005063999891281128,0.005046079754829407,0.01442080020904541,3,"void at::native::elementwise_kernel<128, 4, at::native::gpu_kernel_impl_nocast<at::native::(anonymous namespace)::silu_kernel(at::TensorIteratorBase&)::{lambda()#1}::operator()() const::{lambda()#6}::operator()() const::{lambda(c10::BFloat16)#1}>(at::TensorIteratorBase&, at::native::(anonymous namespace)::silu_kernel(at::TensorIteratorBase&)::{lambda()#1}::operator()() const::{lambda()#6}::operator()() const::{lambda(c10::BFloat16)#1} const&)::{lambda(int)#1}>(int, at::native::gpu_kernel_impl_nocast<at::native::(anonymous namespace)::silu_kernel(at::TensorIteratorBase&)::{lambda()#1}::operator()() const::{lambda()#6}::operator()() const::{lambda(c10::BFloat16)#1}>(at::TensorIteratorBase&, at::native::(anonymous namespace)::silu_kernel(at::TensorIteratorBase&)::{lambda()#1}::operator()() const::{lambda()#6}::operator()() const::{lambda(c10::BFloat16)#1} const&)::{lambda(int)#1})",SiLU elementwise,dense_silu,03. dense_silu :: SiLU elementwise,0.0023360000000000125
64,0.04512959957122803,0.022613120079040528,0.005063999891281128,0.005046079754829407,0.01442080020904541,4,"void at::native::elementwise_kernel<128, 4, at::native::gpu_kernel_impl_nocast<at::native::BinaryFunctor<c10::BFloat16, c10::BFloat16, c10::BFloat16, at::native::binary_internal::MulFunctor<float> > >(at::TensorIteratorBase&, at::native::BinaryFunctor<c10::BFloat16, c10::BFloat16, c10::BFloat16, at::native::binary_internal::MulFunctor<float> > const&)::{lambda(int)#1}>(int, at::native::gpu_kernel_impl_nocast<at::native::BinaryFunctor<c10::BFloat16, c10::BFloat16, c10::BFloat16, at::native::binary_internal::MulFunctor<float> > >(at::TensorIteratorBase&, at::native::BinaryFunctor<c10::BFloat16, c10::BFloat16, c10::BFloat16, at::native::binary_internal::MulFunctor<float> > const&)::{lambda(int)#1})",multiply elementwise,dense_mul,04. dense_mul :: multiply elementwise,0.0021440000000000053
64,0.04512959957122803,0.022613120079040528,0.005063999891281128,0.005046079754829407,0.01442080020904541,5,void cutlass::Kernel2<cutlass_80_tensorop_bf16_s16816gemm_relu_bf16_128x64_64x3_nn_align8>(cutlass_80_tensorop_bf16_s16816gemm_relu_bf16_128x64_64x3_nn_align8::Params),dense GEMM2 down,dense_gemm2_down,05. dense_gemm2_down :: dense GEMM2 down,0.009759999999999991
64,0.04512959957122803,0.022613120079040528,0.005063999891281128,0.005046079754829407,0.01442080020904541,6,"void cublasLt::splitKreduce_kernel<32, 16, int, __nv_bfloat16, __nv_bfloat16, float, __nv_bfloat16, false, __nv_bfloat16, __nv_bfloat16, __nv_bfloat16, true, false, false, false>(cublasLt::cublasSplitKParams<float>, __nv_bfloat16 const*, __nv_bfloat16 const*, __nv_bfloat16*, __nv_bfloat16*, float const*, float const*, __nv_bfloat16 const*, __nv_bfloat16 const*, __nv_bfloat16*, void*, long, float*, int*, float*, float*, float const*, float const*, float const*, float const*, float const*)","void cublasLt::splitKreduce_kernel<32, 16, int, __nv_bfloat16, __nv_bfloat16, float, __nv_bfloat16, false, __nv_bfloat16, __nv_bfloat16, __nv_bfloat16, true, false, false, false>(c",other,"06. other :: void cublasLt::splitKreduce_kernel<32, 16, int, __nv_bfloat16, __nv_bfloat16, float, __nv_bfloat16, false, __nv_bfloat16, __nv_bfloat16, __nv_bfloat16, true, false, false, false>(c",0.002687999999999988
128,0.05951263904571533,0.030860800743103028,0.005127679705619812,0.005066559910774231,0.02054464101791382,1,void cutlass::Kernel2<cutlass_80_tensorop_bf16_s16816gemm_relu_bf16_128x128_32x5_nn_align8>(cutlass_80_tensorop_bf16_s16816gemm_relu_bf16_128x128_32x5_nn_align8::Params),dense GEMM1 gate/up,dense_gemm1_gate_up,01. dense_gemm1_gate_up :: dense GEMM1 gate/up,0.024383000000000037
128,0.05951263904571533,0.030860800743103028,0.005127679705619812,0.005066559910774231,0.02054464101791382,2,"void cublasLt::splitKreduce_kernel<32, 16, int, __nv_bfloat16, __nv_bfloat16, float, __nv_bfloat16, false, __nv_bfloat16, __nv_bfloat16, __nv_bfloat16, true, false, false, false>(cublasLt::cublasSplitKParams<float>, __nv_bfloat16 const*, __nv_bfloat16 const*, __nv_bfloat16*, __nv_bfloat16*, float const*, float const*, __nv_bfloat16 const*, __nv_bfloat16 const*, __nv_bfloat16*, void*, long, float*, int*, float*, float*, float const*, float const*, float const*, float const*, float const*)","void cublasLt::splitKreduce_kernel<32, 16, int, __nv_bfloat16, __nv_bfloat16, float, __nv_bfloat16, false, __nv_bfloat16, __nv_bfloat16, __nv_bfloat16, true, false, false, false>(c",other,"02. other :: void cublasLt::splitKreduce_kernel<32, 16, int, __nv_bfloat16, __nv_bfloat16, float, __nv_bfloat16, false, __nv_bfloat16, __nv_bfloat16, __nv_bfloat16, true, false, false, false>(c",0.004224999999999909
128,0.05951263904571533,0.030860800743103028,0.005127679705619812,0.005066559910774231,0.02054464101791382,3,"void at::native::elementwise_kernel<128, 4, at::native::gpu_kernel_impl_nocast<at::native::(anonymous namespace)::silu_kernel(at::TensorIteratorBase&)::{lambda()#1}::operator()() const::{lambda()#6}::operator()() const::{lambda(c10::BFloat16)#1}>(at::TensorIteratorBase&, at::native::(anonymous namespace)::silu_kernel(at::TensorIteratorBase&)::{lambda()#1}::operator()() const::{lambda()#6}::operator()() const::{lambda(c10::BFloat16)#1} const&)::{lambda(int)#1}>(int, at::native::gpu_kernel_impl_nocast<at::native::(anonymous namespace)::silu_kernel(at::TensorIteratorBase&)::{lambda()#1}::operator()() const::{lambda()#6}::operator()() const::{lambda(c10::BFloat16)#1}>(at::TensorIteratorBase&, at::native::(anonymous namespace)::silu_kernel(at::TensorIteratorBase&)::{lambda()#1}::operator()() const::{lambda()#6}::operator()() const::{lambda(c10::BFloat16)#1} const&)::{lambda(int)#1})",SiLU elementwise,dense_silu,03. dense_silu :: SiLU elementwise,0.002527999999999906
128,0.05951263904571533,0.030860800743103028,0.005127679705619812,0.005066559910774231,0.02054464101791382,4,"void at::native::elementwise_kernel<128, 4, at::native::gpu_kernel_impl_nocast<at::native::BinaryFunctor<c10::BFloat16, c10::BFloat16, c10::BFloat16, at::native::binary_internal::MulFunctor<float> > >(at::TensorIteratorBase&, at::native::BinaryFunctor<c10::BFloat16, c10::BFloat16, c10::BFloat16, at::native::binary_internal::MulFunctor<float> > const&)::{lambda(int)#1}>(int, at::native::gpu_kernel_impl_nocast<at::native::BinaryFunctor<c10::BFloat16, c10::BFloat16, c10::BFloat16, at::native::binary_internal::MulFunctor<float> > >(at::TensorIteratorBase&, at::native::BinaryFunctor<c10::BFloat16, c10::BFloat16, c10::BFloat16, at::native::binary_internal::MulFunctor<float> > const&)::{lambda(int)#1})",multiply elementwise,dense_mul,04. dense_mul :: multiply elementwise,0.002240000000000009
128,0.05951263904571533,0.030860800743103028,0.005127679705619812,0.005066559910774231,0.02054464101791382,5,void cutlass::Kernel2<cutlass_80_tensorop_bf16_s16816gemm_relu_bf16_256x64_32x4_nn_align8>(cutlass_80_tensorop_bf16_s16816gemm_relu_bf16_256x64_32x4_nn_align8::Params),dense GEMM2 down,dense_gemm2_down,05. dense_gemm2_down :: dense GEMM2 down,0.015327999999999975
128,0.05951263904571533,0.030860800743103028,0.005127679705619812,0.005066559910774231,0.02054464101791382,6,"void cublasLt::splitKreduce_kernel<32, 16, int, __nv_bfloat16, __nv_bfloat16, float, __nv_bfloat16, false, __nv_bfloat16, __nv_bfloat16, __nv_bfloat16, true, false, false, false>(cublasLt::cublasSplitKParams<float>, __nv_bfloat16 const*, __nv_bfloat16 const*, __nv_bfloat16*, __nv_bfloat16*, float const*, float const*, __nv_bfloat16 const*, __nv_bfloat16 const*, __nv_bfloat16*, void*, long, float*, int*, float*, float*, float const*, float const*, float const*, float const*, float const*)","void cublasLt::splitKreduce_kernel<32, 16, int, __nv_bfloat16, __nv_bfloat16, float, __nv_bfloat16, false, __nv_bfloat16, __nv_bfloat16, __nv_bfloat16, true, false, false, false>(c",other,"06. other :: void cublasLt::splitKreduce_kernel<32, 16, int, __nv_bfloat16, __nv_bfloat16, float, __nv_bfloat16, false, __nv_bfloat16, __nv_bfloat16, __nv_bfloat16, true, false, false, false>(c",0.002975999999999999
256,0.09413151741027832,0.05511839866638184,0.005105599761009216,0.005106559991836548,0.028749120235443116,1,Memset (Device),Memset,memset,01. memset :: Memset,0.00032000000000005
256,0.09413151741027832,0.05511839866638184,0.005105599761009216,0.005106559991836548,0.028749120235443116,2,void cutlass::Kernel2<cutlass_80_tensorop_bf16_s16816gemm_relu_bf16_256x128_32x3_nn_align8>(cutlass_80_tensorop_bf16_s16816gemm_relu_bf16_256x128_32x3_nn_align8::Params),dense GEMM1 gate/up,dense_gemm1_gate_up,02. dense_gemm1_gate_up :: dense GEMM1 gate/up,0.054303
256,0.09413151741027832,0.05511839866638184,0.005105599761009216,0.005106559991836548,0.028749120235443116,3,"void at::native::elementwise_kernel<128, 4, at::native::gpu_kernel_impl_nocast<at::native::(anonymous namespace)::silu_kernel(at::TensorIteratorBase&)::{lambda()#1}::operator()() const::{lambda()#6}::operator()() const::{lambda(c10::BFloat16)#1}>(at::TensorIteratorBase&, at::native::(anonymous namespace)::silu_kernel(at::TensorIteratorBase&)::{lambda()#1}::operator()() const::{lambda()#6}::operator()() const::{lambda(c10::BFloat16)#1} const&)::{lambda(int)#1}>(int, at::native::gpu_kernel_impl_nocast<at::native::(anonymous namespace)::silu_kernel(at::TensorIteratorBase&)::{lambda()#1}::operator()() const::{lambda()#6}::operator()() const::{lambda(c10::BFloat16)#1}>(at::TensorIteratorBase&, at::native::(anonymous namespace)::silu_kernel(at::TensorIteratorBase&)::{lambda()#1}::operator()() const::{lambda()#6}::operator()() const::{lambda(c10::BFloat16)#1} const&)::{lambda(int)#1})",SiLU elementwise,dense_silu,03. dense_silu :: SiLU elementwise,0.0028789999999999055
256,0.09413151741027832,0.05511839866638184,0.005105599761009216,0.005106559991836548,0.028749120235443116,4,"void at::native::elementwise_kernel<128, 4, at::native::gpu_kernel_impl_nocast<at::native::BinaryFunctor<c10::BFloat16, c10::BFloat16, c10::BFloat16, at::native::binary_internal::MulFunctor<float> > >(at::TensorIteratorBase&, at::native::BinaryFunctor<c10::BFloat16, c10::BFloat16, c10::BFloat16, at::native::binary_internal::MulFunctor<float> > const&)::{lambda(int)#1}>(int, at::native::gpu_kernel_impl_nocast<at::native::BinaryFunctor<c10::BFloat16, c10::BFloat16, c10::BFloat16, at::native::binary_internal::MulFunctor<float> > >(at::TensorIteratorBase&, at::native::BinaryFunctor<c10::BFloat16, c10::BFloat16, c10::BFloat16, at::native::binary_internal::MulFunctor<float> > const&)::{lambda(int)#1})",multiply elementwise,dense_mul,04. dense_mul :: multiply elementwise,0.002687000000000012
256,0.09413151741027832,0.05511839866638184,0.005105599761009216,0.005106559991836548,0.028749120235443116,5,void cutlass::Kernel2<cutlass_80_tensorop_bf16_s16816gemm_relu_bf16_128x64_64x4_nn_align8>(cutlass_80_tensorop_bf16_s16816gemm_relu_bf16_128x64_64x4_nn_align8::Params),dense GEMM2 down,dense_gemm2_down,05. dense_gemm2_down :: dense GEMM2 down,0.028224000000000048
512,0.15268095970153808,0.09397600173950195,0.005127360224723816,0.0050572800636291505,0.04924960136413574,1,Memset (Device),Memset,memset,01. memset :: Memset,0.00035200000000000384
512,0.15268095970153808,0.09397600173950195,0.005127360224723816,0.0050572800636291505,0.04924960136413574,2,void cutlass::Kernel2<cutlass_80_tensorop_bf16_s16816gemm_relu_bf16_256x128_32x3_nn_align8>(cutlass_80_tensorop_bf16_s16816gemm_relu_bf16_256x128_32x3_nn_align8::Params),dense GEMM1 gate/up,dense_gemm1_gate_up,02. dense_gemm1_gate_up :: dense GEMM1 gate/up,0.09209599999999997
512,0.15268095970153808,0.09397600173950195,0.005127360224723816,0.0050572800636291505,0.04924960136413574,3,"void at::native::elementwise_kernel<128, 4, at::native::gpu_kernel_impl_nocast<at::native::(anonymous namespace)::silu_kernel(at::TensorIteratorBase&)::{lambda()#1}::operator()() const::{lambda()#6}::operator()() const::{lambda(c10::BFloat16)#1}>(at::TensorIteratorBase&, at::native::(anonymous namespace)::silu_kernel(at::TensorIteratorBase&)::{lambda()#1}::operator()() const::{lambda()#6}::operator()() const::{lambda(c10::BFloat16)#1} const&)::{lambda(int)#1}>(int, at::native::gpu_kernel_impl_nocast<at::native::(anonymous namespace)::silu_kernel(at::TensorIteratorBase&)::{lambda()#1}::operator()() const::{lambda()#6}::operator()() const::{lambda(c10::BFloat16)#1}>(at::TensorIteratorBase&, at::native::(anonymous namespace)::silu_kernel(at::TensorIteratorBase&)::{lambda()#1}::operator()() const::{lambda()#6}::operator()() const::{lambda(c10::BFloat16)#1} const&)::{lambda(int)#1})",SiLU elementwise,dense_silu,03. dense_silu :: SiLU elementwise,0.004160000000000025
512,0.15268095970153808,0.09397600173950195,0.005127360224723816,0.0050572800636291505,0.04924960136413574,4,"void at::native::elementwise_kernel<128, 4, at::native::gpu_kernel_impl_nocast<at::native::BinaryFunctor<c10::BFloat16, c10::BFloat16, c10::BFloat16, at::native::binary_internal::MulFunctor<float> > >(at::TensorIteratorBase&, at::native::BinaryFunctor<c10::BFloat16, c10::BFloat16, c10::BFloat16, at::native::binary_internal::MulFunctor<float> > const&)::{lambda(int)#1}>(int, at::native::gpu_kernel_impl_nocast<at::native::BinaryFunctor<c10::BFloat16, c10::BFloat16, c10::BFloat16, at::native::binary_internal::MulFunctor<float> > >(at::TensorIteratorBase&, at::native::BinaryFunctor<c10::BFloat16, c10::BFloat16, c10::BFloat16, at::native::binary_internal::MulFunctor<float> > const&)::{lambda(int)#1})",multiply elementwise,dense_mul,04. dense_mul :: multiply elementwise,0.0038069999999999597
512,0.15268095970153808,0.09397600173950195,0.005127360224723816,0.0050572800636291505,0.04924960136413574,5,void cutlass::Kernel2<cutlass_80_tensorop_bf16_s16816gemm_relu_bf16_128x128_32x5_nn_align8>(cutlass_80_tensorop_bf16_s16816gemm_relu_bf16_128x128_32x5_nn_align8::Params),dense GEMM2 down,dense_gemm2_down,05. dense_gemm2_down :: dense GEMM2 down,0.04854300000000001
1024,0.2827299118041992,0.1788038444519043,0.008216000199317931,0.00620959997177124,0.09192159652709961,1,Memset (Device),Memset,memset,01. memset :: Memset,0.00038400000000001454
1024,0.2827299118041992,0.1788038444519043,0.008216000199317931,0.00620959997177124,0.09192159652709961,2,void cutlass::Kernel2<cutlass_80_tensorop_bf16_s16816gemm_relu_bf16_256x128_32x3_nn_align8>(cutlass_80_tensorop_bf16_s16816gemm_relu_bf16_256x128_32x3_nn_align8::Params),dense GEMM1 gate/up,dense_gemm1_gate_up,02. dense_gemm1_gate_up :: dense GEMM1 gate/up,0.1758040000000001
1024,0.2827299118041992,0.1788038444519043,0.008216000199317931,0.00620959997177124,0.09192159652709961,3,"void at::native::elementwise_kernel<128, 4, at::native::gpu_kernel_impl_nocast<at::native::(anonymous namespace)::silu_kernel(at::TensorIteratorBase&)::{lambda()#1}::operator()() const::{lambda()#6}::operator()() const::{lambda(c10::BFloat16)#1}>(at::TensorIteratorBase&, at::native::(anonymous namespace)::silu_kernel(at::TensorIteratorBase&)::{lambda()#1}::operator()() const::{lambda()#6}::operator()() const::{lambda(c10::BFloat16)#1} const&)::{lambda(int)#1}>(int, at::native::gpu_kernel_impl_nocast<at::native::(anonymous namespace)::silu_kernel(at::TensorIteratorBase&)::{lambda()#1}::operator()() const::{lambda()#6}::operator()() const::{lambda(c10::BFloat16)#1}>(at::TensorIteratorBase&, at::native::(anonymous namespace)::silu_kernel(at::TensorIteratorBase&)::{lambda()#1}::operator()() const::{lambda()#6}::operator()() const::{lambda(c10::BFloat16)#1} const&)::{lambda(int)#1})",SiLU elementwise,dense_silu,03. dense_silu :: SiLU elementwise,0.006464000000000056
1024,0.2827299118041992,0.1788038444519043,0.008216000199317931,0.00620959997177124,0.09192159652709961,4,"void at::native::elementwise_kernel<128, 4, at::native::gpu_kernel_impl_nocast<at::native::BinaryFunctor<c10::BFloat16, c10::BFloat16, c10::BFloat16, at::native::binary_internal::MulFunctor<float> > >(at::TensorIteratorBase&, at::native::BinaryFunctor<c10::BFloat16, c10::BFloat16, c10::BFloat16, at::native::binary_internal::MulFunctor<float> > const&)::{lambda(int)#1}>(int, at::native::gpu_kernel_impl_nocast<at::native::BinaryFunctor<c10::BFloat16, c10::BFloat16, c10::BFloat16, at::native::binary_internal::MulFunctor<float> > >(at::TensorIteratorBase&, at::native::BinaryFunctor<c10::BFloat16, c10::BFloat16, c10::BFloat16, at::native::binary_internal::MulFunctor<float> > const&)::{lambda(int)#1})",multiply elementwise,dense_mul,04. dense_mul :: multiply elementwise,0.00588799999999992
1024,0.2827299118041992,0.1788038444519043,0.008216000199317931,0.00620959997177124,0.09192159652709961,5,void cutlass::Kernel2<cutlass_80_tensorop_bf16_s16816gemm_relu_bf16_128x256_32x3_nn_align8>(cutlass_80_tensorop_bf16_s16816gemm_relu_bf16_128x256_32x3_nn_align8::Params),dense GEMM2 down,dense_gemm2_down,05. dense_gemm2_down :: dense GEMM2 down,0.09330999999999995
2048,0.4910879898071289,0.31806560516357424,0.012343360185623169,0.010295039415359497,0.1514310359954834,1,Memset (Device),Memset,memset,01. memset :: Memset,0.0005120000000000004
2048,0.4910879898071289,0.31806560516357424,0.012343360185623169,0.010295039415359497,0.1514310359954834,2,void cutlass::Kernel2<cutlass_80_tensorop_bf16_s16816gemm_relu_bf16_256x128_32x3_nn_align8>(cutlass_80_tensorop_bf16_s16816gemm_relu_bf16_256x128_32x3_nn_align8::Params),dense GEMM1 gate/up,dense_gemm1_gate_up,02. dense_gemm1_gate_up :: dense GEMM1 gate/up,0.315417
2048,0.4910879898071289,0.31806560516357424,0.012343360185623169,0.010295039415359497,0.1514310359954834,3,"void at::native::elementwise_kernel<128, 4, at::native::gpu_kernel_impl_nocast<at::native::(anonymous namespace)::silu_kernel(at::TensorIteratorBase&)::{lambda()#1}::operator()() const::{lambda()#6}::operator()() const::{lambda(c10::BFloat16)#1}>(at::TensorIteratorBase&, at::native::(anonymous namespace)::silu_kernel(at::TensorIteratorBase&)::{lambda()#1}::operator()() const::{lambda()#6}::operator()() const::{lambda(c10::BFloat16)#1} const&)::{lambda(int)#1}>(int, at::native::gpu_kernel_impl_nocast<at::native::(anonymous namespace)::silu_kernel(at::TensorIteratorBase&)::{lambda()#1}::operator()() const::{lambda()#6}::operator()() const::{lambda(c10::BFloat16)#1}>(at::TensorIteratorBase&, at::native::(anonymous namespace)::silu_kernel(at::TensorIteratorBase&)::{lambda()#1}::operator()() const::{lambda()#6}::operator()() const::{lambda(c10::BFloat16)#1} const&)::{lambda(int)#1})",SiLU elementwise,dense_silu,03. dense_silu :: SiLU elementwise,0.01132800000000003
2048,0.4910879898071289,0.31806560516357424,0.012343360185623169,0.010295039415359497,0.1514310359954834,4,"void at::native::elementwise_kernel<128, 4, at::native::gpu_kernel_impl_nocast<at::native::BinaryFunctor<c10::BFloat16, c10::BFloat16, c10::BFloat16, at::native::binary_internal::MulFunctor<float> > >(at::TensorIteratorBase&, at::native::BinaryFunctor<c10::BFloat16, c10::BFloat16, c10::BFloat16, at::native::binary_internal::MulFunctor<float> > const&)::{lambda(int)#1}>(int, at::native::gpu_kernel_impl_nocast<at::native::BinaryFunctor<c10::BFloat16, c10::BFloat16, c10::BFloat16, at::native::binary_internal::MulFunctor<float> > >(at::TensorIteratorBase&, at::native::BinaryFunctor<c10::BFloat16, c10::BFloat16, c10::BFloat16, at::native::binary_internal::MulFunctor<float> > const&)::{lambda(int)#1})",multiply elementwise,dense_mul,04. dense_mul :: multiply elementwise,0.009983999999999923
2048,0.4910879898071289,0.31806560516357424,0.012343360185623169,0.010295039415359497,0.1514310359954834,5,Memset (Device),Memset,memset,05. memset :: Memset,0.00041600000000005364
2048,0.4910879898071289,0.31806560516357424,0.012343360185623169,0.010295039415359497,0.1514310359954834,6,void cutlass::Kernel2<cutlass_80_tensorop_bf16_s16816gemm_relu_bf16_256x128_32x3_nn_align8>(cutlass_80_tensorop_bf16_s16816gemm_relu_bf16_256x128_32x3_nn_align8::Params),dense GEMM2 down,dense_gemm2_down,06. dense_gemm2_down :: dense GEMM2 down,0.15718000000000007
4096,0.8714249420166016,0.5817020797729492,0.020579841136932373,0.018492159843444825,0.2642771148681641,1,Memset (Device),Memset,memset,01. memset :: Memset,0.0007050000000000125
4096,0.8714249420166016,0.5817020797729492,0.020579841136932373,0.018492159843444825,0.2642771148681641,2,void cutlass::Kernel2<cutlass_80_tensorop_bf16_s16816gemm_relu_bf16_256x128_32x3_nn_align8>(cutlass_80_tensorop_bf16_s16816gemm_relu_bf16_256x128_32x3_nn_align8::Params),dense GEMM1 gate/up,dense_gemm1_gate_up,02. dense_gemm1_gate_up :: dense GEMM1 gate/up,0.56741
4096,0.8714249420166016,0.5817020797729492,0.020579841136932373,0.018492159843444825,0.2642771148681641,3,"void at::native::elementwise_kernel<128, 4, at::native::gpu_kernel_impl_nocast<at::native::(anonymous namespace)::silu_kernel(at::TensorIteratorBase&)::{lambda()#1}::operator()() const::{lambda()#6}::operator()() const::{lambda(c10::BFloat16)#1}>(at::TensorIteratorBase&, at::native::(anonymous namespace)::silu_kernel(at::TensorIteratorBase&)::{lambda()#1}::operator()() const::{lambda()#6}::operator()() const::{lambda(c10::BFloat16)#1} const&)::{lambda(int)#1}>(int, at::native::gpu_kernel_impl_nocast<at::native::(anonymous namespace)::silu_kernel(at::TensorIteratorBase&)::{lambda()#1}::operator()() const::{lambda()#6}::operator()() const::{lambda(c10::BFloat16)#1}>(at::TensorIteratorBase&, at::native::(anonymous namespace)::silu_kernel(at::TensorIteratorBase&)::{lambda()#1}::operator()() const::{lambda()#6}::operator()() const::{lambda(c10::BFloat16)#1} const&)::{lambda(int)#1})",SiLU elementwise,dense_silu,03. dense_silu :: SiLU elementwise,0.020063999999999964
4096,0.8714249420166016,0.5817020797729492,0.020579841136932373,0.018492159843444825,0.2642771148681641,4,"void at::native::elementwise_kernel<128, 4, at::native::gpu_kernel_impl_nocast<at::native::BinaryFunctor<c10::BFloat16, c10::BFloat16, c10::BFloat16, at::native::binary_internal::MulFunctor<float> > >(at::TensorIteratorBase&, at::native::BinaryFunctor<c10::BFloat16, c10::BFloat16, c10::BFloat16, at::native::binary_internal::MulFunctor<float> > const&)::{lambda(int)#1}>(int, at::native::gpu_kernel_impl_nocast<at::native::BinaryFunctor<c10::BFloat16, c10::BFloat16, c10::BFloat16, at::native::binary_internal::MulFunctor<float> > >(at::TensorIteratorBase&, at::native::BinaryFunctor<c10::BFloat16, c10::BFloat16, c10::BFloat16, at::native::binary_internal::MulFunctor<float> > const&)::{lambda(int)#1})",multiply elementwise,dense_mul,04. dense_mul :: multiply elementwise,0.020063999999999964
4096,0.8714249420166016,0.5817020797729492,0.020579841136932373,0.018492159843444825,0.2642771148681641,5,void cutlass::Kernel2<cutlass_80_tensorop_bf16_s16816gemm_relu_bf16_256x128_32x3_nn_align8>(cutlass_80_tensorop_bf16_s16816gemm_relu_bf16_256x128_32x3_nn_align8::Params),dense GEMM2 down,dense_gemm2_down,05. dense_gemm2_down :: dense GEMM2 down,0.271385
8192,1.7410896301269532,1.0528112030029297,0.04051424026489258,0.097357759475708,0.5478105545043945,1,void cutlass::Kernel2<cutlass_80_tensorop_bf16_s16816gemm_relu_bf16_256x128_32x3_nn_align8>(cutlass_80_tensorop_bf16_s16816gemm_relu_bf16_256x128_32x3_nn_align8::Params),dense GEMM1 gate/up,dense_gemm1_gate_up,01. dense_gemm1_gate_up :: dense GEMM1 gate/up,1.062802
8192,1.7410896301269532,1.0528112030029297,0.04051424026489258,0.097357759475708,0.5478105545043945,2,"void at::native::elementwise_kernel<128, 4, at::native::gpu_kernel_impl_nocast<at::native::(anonymous namespace)::silu_kernel(at::TensorIteratorBase&)::{lambda()#1}::operator()() const::{lambda()#6}::operator()() const::{lambda(c10::BFloat16)#1}>(at::TensorIteratorBase&, at::native::(anonymous namespace)::silu_kernel(at::TensorIteratorBase&)::{lambda()#1}::operator()() const::{lambda()#6}::operator()() const::{lambda(c10::BFloat16)#1} const&)::{lambda(int)#1}>(int, at::native::gpu_kernel_impl_nocast<at::native::(anonymous namespace)::silu_kernel(at::TensorIteratorBase&)::{lambda()#1}::operator()() const::{lambda()#6}::operator()() const::{lambda(c10::BFloat16)#1}>(at::TensorIteratorBase&, at::native::(anonymous namespace)::silu_kernel(at::TensorIteratorBase&)::{lambda()#1}::operator()() const::{lambda()#6}::operator()() const::{lambda(c10::BFloat16)#1} const&)::{lambda(int)#1})",SiLU elementwise,dense_silu,02. dense_silu :: SiLU elementwise,0.07177500000000009
8192,1.7410896301269532,1.0528112030029297,0.04051424026489258,0.097357759475708,0.5478105545043945,3,"void at::native::elementwise_kernel<128, 4, at::native::gpu_kernel_impl_nocast<at::native::BinaryFunctor<c10::BFloat16, c10::BFloat16, c10::BFloat16, at::native::binary_internal::MulFunctor<float> > >(at::TensorIteratorBase&, at::native::BinaryFunctor<c10::BFloat16, c10::BFloat16, c10::BFloat16, at::native::binary_internal::MulFunctor<float> > const&)::{lambda(int)#1}>(int, at::native::gpu_kernel_impl_nocast<at::native::BinaryFunctor<c10::BFloat16, c10::BFloat16, c10::BFloat16, at::native::binary_internal::MulFunctor<float> > >(at::TensorIteratorBase&, at::native::BinaryFunctor<c10::BFloat16, c10::BFloat16, c10::BFloat16, at::native::binary_internal::MulFunctor<float> > const&)::{lambda(int)#1})",multiply elementwise,dense_mul,03. dense_mul :: multiply elementwise,0.08719799999999986
8192,1.7410896301269532,1.0528112030029297,0.04051424026489258,0.097357759475708,0.5478105545043945,4,void cutlass::Kernel2<cutlass_80_tensorop_bf16_s16816gemm_relu_bf16_256x128_32x3_nn_align8>(cutlass_80_tensorop_bf16_s16816gemm_relu_bf16_256x128_32x3_nn_align8::Params),dense GEMM2 down,dense_gemm2_down,04. dense_gemm2_down :: dense GEMM2 down,0.5272240000000001
16384,3.4290045166015624,2.0653199768066406,0.15173215866088868,0.20715679168701173,1.008419189453125,1,void cutlass::Kernel2<cutlass_80_tensorop_bf16_s16816gemm_relu_bf16_256x128_32x3_nn_align8>(cutlass_80_tensorop_bf16_s16816gemm_relu_bf16_256x128_32x3_nn_align8::Params),dense GEMM1 gate/up,dense_gemm1_gate_up,01. dense_gemm1_gate_up :: dense GEMM1 gate/up,2.0693029999999997
16384,3.4290045166015624,2.0653199768066406,0.15173215866088868,0.20715679168701173,1.008419189453125,2,"void at::native::elementwise_kernel<128, 4, at::native::gpu_kernel_impl_nocast<at::native::(anonymous namespace)::silu_kernel(at::TensorIteratorBase&)::{lambda()#1}::operator()() const::{lambda()#6}::operator()() const::{lambda(c10::BFloat16)#1}>(at::TensorIteratorBase&, at::native::(anonymous namespace)::silu_kernel(at::TensorIteratorBase&)::{lambda()#1}::operator()() const::{lambda()#6}::operator()() const::{lambda(c10::BFloat16)#1} const&)::{lambda(int)#1}>(int, at::native::gpu_kernel_impl_nocast<at::native::(anonymous namespace)::silu_kernel(at::TensorIteratorBase&)::{lambda()#1}::operator()() const::{lambda()#6}::operator()() const::{lambda(c10::BFloat16)#1}>(at::TensorIteratorBase&, at::native::(anonymous namespace)::silu_kernel(at::TensorIteratorBase&)::{lambda()#1}::operator()() const::{lambda()#6}::operator()() const::{lambda(c10::BFloat16)#1} const&)::{lambda(int)#1})",SiLU elementwise,dense_silu,02. dense_silu :: SiLU elementwise,0.14726400000000012
16384,3.4290045166015624,2.0653199768066406,0.15173215866088868,0.20715679168701173,1.008419189453125,3,"void at::native::elementwise_kernel<128, 4, at::native::gpu_kernel_impl_nocast<at::native::BinaryFunctor<c10::BFloat16, c10::BFloat16, c10::BFloat16, at::native::binary_internal::MulFunctor<float> > >(at::TensorIteratorBase&, at::native::BinaryFunctor<c10::BFloat16, c10::BFloat16, c10::BFloat16, at::native::binary_internal::MulFunctor<float> > const&)::{lambda(int)#1}>(int, at::native::gpu_kernel_impl_nocast<at::native::BinaryFunctor<c10::BFloat16, c10::BFloat16, c10::BFloat16, at::native::binary_internal::MulFunctor<float> > >(at::TensorIteratorBase&, at::native::BinaryFunctor<c10::BFloat16, c10::BFloat16, c10::BFloat16, at::native::binary_internal::MulFunctor<float> > const&)::{lambda(int)#1})",multiply elementwise,dense_mul,03. dense_mul :: multiply elementwise,0.21135900000000038
16384,3.4290045166015624,2.0653199768066406,0.15173215866088868,0.20715679168701173,1.008419189453125,4,void cutlass::Kernel2<cutlass_80_tensorop_bf16_s16816gemm_relu_bf16_256x128_32x3_nn_align8>(cutlass_80_tensorop_bf16_s16816gemm_relu_bf16_256x128_32x3_nn_align8::Params),dense GEMM2 down,dense_gemm2_down,04. dense_gemm2_down :: dense GEMM2 down,1.0106510000000002
32768,6.772544555664062,4.082750854492187,0.3009238433837891,0.41122432708740236,2.022424621582031,1,void cutlass::Kernel2<cutlass_80_tensorop_bf16_s16816gemm_relu_bf16_256x128_32x3_nn_align8>(cutlass_80_tensorop_bf16_s16816gemm_relu_bf16_256x128_32x3_nn_align8::Params),dense GEMM1 gate/up,dense_gemm1_gate_up,01. dense_gemm1_gate_up :: dense GEMM1 gate/up,4.0616319999999995
32768,6.772544555664062,4.082750854492187,0.3009238433837891,0.41122432708740236,2.022424621582031,2,"void at::native::elementwise_kernel<128, 4, at::native::gpu_kernel_impl_nocast<at::native::(anonymous namespace)::silu_kernel(at::TensorIteratorBase&)::{lambda()#1}::operator()() const::{lambda()#6}::operator()() const::{lambda(c10::BFloat16)#1}>(at::TensorIteratorBase&, at::native::(anonymous namespace)::silu_kernel(at::TensorIteratorBase&)::{lambda()#1}::operator()() const::{lambda()#6}::operator()() const::{lambda(c10::BFloat16)#1} const&)::{lambda(int)#1}>(int, at::native::gpu_kernel_impl_nocast<at::native::(anonymous namespace)::silu_kernel(at::TensorIteratorBase&)::{lambda()#1}::operator()() const::{lambda()#6}::operator()() const::{lambda(c10::BFloat16)#1}>(at::TensorIteratorBase&, at::native::(anonymous namespace)::silu_kernel(at::TensorIteratorBase&)::{lambda()#1}::operator()() const::{lambda()#6}::operator()() const::{lambda(c10::BFloat16)#1} const&)::{lambda(int)#1})",SiLU elementwise,dense_silu,02. dense_silu :: SiLU elementwise,0.2958719999999994
32768,6.772544555664062,4.082750854492187,0.3009238433837891,0.41122432708740236,2.022424621582031,3,"void at::native::elementwise_kernel<128, 4, at::native::gpu_kernel_impl_nocast<at::native::BinaryFunctor<c10::BFloat16, c10::BFloat16, c10::BFloat16, at::native::binary_internal::MulFunctor<float> > >(at::TensorIteratorBase&, at::native::BinaryFunctor<c10::BFloat16, c10::BFloat16, c10::BFloat16, at::native::binary_internal::MulFunctor<float> > const&)::{lambda(int)#1}>(int, at::native::gpu_kernel_impl_nocast<at::native::BinaryFunctor<c10::BFloat16, c10::BFloat16, c10::BFloat16, at::native::binary_internal::MulFunctor<float> > >(at::TensorIteratorBase&, at::native::BinaryFunctor<c10::BFloat16, c10::BFloat16, c10::BFloat16, at::native::binary_internal::MulFunctor<float> > const&)::{lambda(int)#1})",multiply elementwise,dense_mul,03. dense_mul :: multiply elementwise,0.41558400000000073
32768,6.772544555664062,4.082750854492187,0.3009238433837891,0.41122432708740236,2.022424621582031,4,void cutlass::Kernel2<cutlass_80_tensorop_bf16_s16816gemm_relu_bf16_256x128_32x3_nn_align8>(cutlass_80_tensorop_bf16_s16816gemm_relu_bf16_256x128_32x3_nn_align8::Params),dense GEMM2 down,dense_gemm2_down,04. dense_gemm2_down :: dense GEMM2 down,2.0399039999999995
65536,13.491077880859375,8.162825927734374,0.5965881729125977,0.8171091461181641,4.103289794921875,1,void cutlass::Kernel2<cutlass_80_tensorop_bf16_s16816gemm_relu_bf16_256x128_32x3_nn_align8>(cutlass_80_tensorop_bf16_s16816gemm_relu_bf16_256x128_32x3_nn_align8::Params),dense GEMM1 gate/up,dense_gemm1_gate_up,01. dense_gemm1_gate_up :: dense GEMM1 gate/up,8.10879
65536,13.491077880859375,8.162825927734374,0.5965881729125977,0.8171091461181641,4.103289794921875,2,"void at::native::elementwise_kernel<128, 4, at::native::gpu_kernel_impl_nocast<at::native::(anonymous namespace)::silu_kernel(at::TensorIteratorBase&)::{lambda()#1}::operator()() const::{lambda()#6}::operator()() const::{lambda(c10::BFloat16)#1}>(at::TensorIteratorBase&, at::native::(anonymous namespace)::silu_kernel(at::TensorIteratorBase&)::{lambda()#1}::operator()() const::{lambda()#6}::operator()() const::{lambda(c10::BFloat16)#1} const&)::{lambda(int)#1}>(int, at::native::gpu_kernel_impl_nocast<at::native::(anonymous namespace)::silu_kernel(at::TensorIteratorBase&)::{lambda()#1}::operator()() const::{lambda()#6}::operator()() const::{lambda(c10::BFloat16)#1}>(at::TensorIteratorBase&, at::native::(anonymous namespace)::silu_kernel(at::TensorIteratorBase&)::{lambda()#1}::operator()() const::{lambda()#6}::operator()() const::{lambda(c10::BFloat16)#1} const&)::{lambda(int)#1})",SiLU elementwise,dense_silu,02. dense_silu :: SiLU elementwise,0.5934079999999995
65536,13.491077880859375,8.162825927734374,0.5965881729125977,0.8171091461181641,4.103289794921875,3,"void at::native::elementwise_kernel<128, 4, at::native::gpu_kernel_impl_nocast<at::native::BinaryFunctor<c10::BFloat16, c10::BFloat16, c10::BFloat16, at::native::binary_internal::MulFunctor<float> > >(at::TensorIteratorBase&, at::native::BinaryFunctor<c10::BFloat16, c10::BFloat16, c10::BFloat16, at::native::binary_internal::MulFunctor<float> > const&)::{lambda(int)#1}>(int, at::native::gpu_kernel_impl_nocast<at::native::BinaryFunctor<c10::BFloat16, c10::BFloat16, c10::BFloat16, at::native::binary_internal::MulFunctor<float> > >(at::TensorIteratorBase&, at::native::BinaryFunctor<c10::BFloat16, c10::BFloat16, c10::BFloat16, at::native::binary_internal::MulFunctor<float> > const&)::{lambda(int)#1})",multiply elementwise,dense_mul,03. dense_mul :: multiply elementwise,0.8208950000000005
65536,13.491077880859375,8.162825927734374,0.5965881729125977,0.8171091461181641,4.103289794921875,4,void cutlass::Kernel2<cutlass_80_tensorop_bf16_s16816gemm_relu_bf16_256x128_32x3_nn_align8>(cutlass_80_tensorop_bf16_s16816gemm_relu_bf16_256x128_32x3_nn_align8::Params),dense GEMM2 down,dense_gemm2_down,04. dense_gemm2_down :: dense GEMM2 down,4.069179
