model_path,layer_id,expert_id,top_k,tokens,hidden_size,intermediate_size,active_experts,rows_for_expert,cuda_event_topk1_moe_ms,profiler_kernel_sum_ms,gemm1_gate_up_activation_ms,gemm2_down_ms,gemm_total_tflops,end_to_end_tflops,order,raw_name,kernel,category,label,time_ms
/home/yangshen/.cache/huggingface/hub/models--tencent--HunyuanImage-3.0-Instruct/snapshots/2ec2c78bee7d4b94157341fba86c4c2c7b1858b2,15,0,1,16,4096,3072,1,16,0.22717599868774413,0.21423599999999987,0.133981,0.07177500000000009,5.87083512509963,5.317285096038483,1,"void at::native::elementwise_kernel<128, 2, at::native::gpu_kernel_impl_nocast<at::native::direct_copy_kernel_cuda(at::TensorIteratorBase&)::{lambda()#3}::operator()() const::{lambda()#7}::operator()() const::{lambda(float)#1}>(at::TensorIteratorBase&, at::native::direct_copy_kernel_cuda(at::TensorIteratorBase&)::{lambda()#3}::operator()() const::{lambda()#7}::operator()() const::{lambda(float)#1} const&)::{lambda(int)#1}>(int, at::native::gpu_kernel_impl_nocast<at::native::direct_copy_kernel_cuda(at::TensorIteratorBase&)::{lambda()#3}::operator()() const::{lambda()#7}::operator()() const::{lambda(float)#1}>(at::TensorIteratorBase&, at::native::direct_copy_kernel_cuda(at::TensorIteratorBase&)::{lambda()#3}::operator()() const::{lambda()#7}::operator()() const::{lambda(float)#1} const&)::{lambda(int)#1})",copy/cast,copy_cast,01. copy_cast :: copy/cast,0.00105600000000004
/home/yangshen/.cache/huggingface/hub/models--tencent--HunyuanImage-3.0-Instruct/snapshots/2ec2c78bee7d4b94157341fba86c4c2c7b1858b2,15,0,1,16,4096,3072,1,16,0.22717599868774413,0.21423599999999987,0.133981,0.07177500000000009,5.87083512509963,5.317285096038483,2,"void at::native::elementwise_kernel<128, 4, at::native::gpu_kernel_impl<at::native::direct_copy_kernel_cuda(at::TensorIteratorBase&)::{lambda()#3}::operator()() const::{lambda()#3}::operator()() const::{lambda(int)#1}>(at::TensorIteratorBase&, at::native::direct_copy_kernel_cuda(at::TensorIteratorBase&)::{lambda()#3}::operator()() const::{lambda()#3}::operator()() const::{lambda(int)#1} const&)::{lambda(int)#1}>(int, at::native::gpu_kernel_impl<at::native::direct_copy_kernel_cuda(at::TensorIteratorBase&)::{lambda()#3}::operator()() const::{lambda()#3}::operator()() const::{lambda(int)#1}>(at::TensorIteratorBase&, at::native::direct_copy_kernel_cuda(at::TensorIteratorBase&)::{lambda()#3}::operator()() const::{lambda()#3}::operator()() const::{lambda(int)#1} const&)::{lambda(int)#1})",copy/cast,copy_cast,02. copy_cast :: copy/cast,0.001311999999999898
/home/yangshen/.cache/huggingface/hub/models--tencent--HunyuanImage-3.0-Instruct/snapshots/2ec2c78bee7d4b94157341fba86c4c2c7b1858b2,15,0,1,16,4096,3072,1,16,0.22717599868774413,0.21423599999999987,0.133981,0.07177500000000009,5.87083512509963,5.317285096038483,3,"void at::native::vectorized_elementwise_kernel<4, at::native::FillFunctor<int>, std::array<char*, 1ul> >(int, at::native::FillFunctor<int>, std::array<char*, 1ul>)","void at::native::vectorized_elementwise_kernel<4, at::native::FillFunctor<int>, std::array<char*, 1ul> >(int, at::native::FillFunctor<int>, std::array<char*, 1ul>)",other,"03. other :: void at::native::vectorized_elementwise_kernel<4, at::native::FillFunctor<int>, std::array<char*, 1ul> >(int, at::native::FillFunctor<int>, std::array<char*, 1ul>)",0.0008959999999999581
/home/yangshen/.cache/huggingface/hub/models--tencent--HunyuanImage-3.0-Instruct/snapshots/2ec2c78bee7d4b94157341fba86c4c2c7b1858b2,15,0,1,16,4096,3072,1,16,0.22717599868774413,0.21423599999999987,0.133981,0.07177500000000009,5.87083512509963,5.317285096038483,4,fused_moe_kernel,triton::fused_moe_kernel<GEMM1_gate_up_activation>,gemm1_gate_up_activation,04. gemm1_gate_up_activation :: triton::fused_moe_kernel<GEMM1_gate_up_activation>,0.133981
/home/yangshen/.cache/huggingface/hub/models--tencent--HunyuanImage-3.0-Instruct/snapshots/2ec2c78bee7d4b94157341fba86c4c2c7b1858b2,15,0,1,16,4096,3072,1,16,0.22717599868774413,0.21423599999999987,0.133981,0.07177500000000009,5.87083512509963,5.317285096038483,5,"void vllm::act_and_mul_kernel<c10::BFloat16, __nv_bfloat162, &(c10::BFloat16 vllm::silu_kernel<c10::BFloat16>(c10::BFloat16 const&)), &(__nv_bfloat162 vllm::packed_silu_kernel<__nv_bfloat162>(__nv_bfloat162 const&)), true, true, false, false>(c10::BFloat16*, c10::BFloat16 const*, int, float)",act_and_mul_kernel,activation,05. activation :: act_and_mul_kernel,0.0015360000000000582
/home/yangshen/.cache/huggingface/hub/models--tencent--HunyuanImage-3.0-Instruct/snapshots/2ec2c78bee7d4b94157341fba86c4c2c7b1858b2,15,0,1,16,4096,3072,1,16,0.22717599868774413,0.21423599999999987,0.133981,0.07177500000000009,5.87083512509963,5.317285096038483,6,fused_moe_kernel,triton::fused_moe_kernel<GEMM2_down>,gemm2_down,06. gemm2_down :: triton::fused_moe_kernel<GEMM2_down>,0.07177500000000009
/home/yangshen/.cache/huggingface/hub/models--tencent--HunyuanImage-3.0-Instruct/snapshots/2ec2c78bee7d4b94157341fba86c4c2c7b1858b2,15,0,1,16,4096,3072,1,16,0.22717599868774413,0.21423599999999987,0.133981,0.07177500000000009,5.87083512509963,5.317285096038483,7,"void at::native::reduce_kernel<128, 4, at::native::ReduceOp<c10::BFloat16, at::native::func_wrapper_t<c10::BFloat16, at::native::sum_functor<c10::BFloat16, float, c10::BFloat16>::operator()(at::TensorIterator&)::{lambda(float, float)#1}>, unsigned int, c10::BFloat16, 4, 8> >(at::native::ReduceOp<c10::BFloat16, at::native::func_wrapper_t<c10::BFloat16, at::native::sum_functor<c10::BFloat16, float, c10::BFloat16>::operator()(at::TensorIterator&)::{lambda(float, float)#1}>, unsigned int, c10::BFloat16, 4, 8>)","void at::native::reduce_kernel<128, 4, at::native::ReduceOp<c10::BFloat16, at::native::func_wrapper_t<c10::BFloat16, at::native::sum_functor<c10::BFloat16, float, c10::BFloat16>::o",other,"07. other :: void at::native::reduce_kernel<128, 4, at::native::ReduceOp<c10::BFloat16, at::native::func_wrapper_t<c10::BFloat16, at::native::sum_functor<c10::BFloat16, float, c10::BFloat16>::o",0.002751999999999953
/home/yangshen/.cache/huggingface/hub/models--tencent--HunyuanImage-3.0-Instruct/snapshots/2ec2c78bee7d4b94157341fba86c4c2c7b1858b2,15,0,1,16,4096,3072,1,16,0.22717599868774413,0.21423599999999987,0.133981,0.07177500000000009,5.87083512509963,5.317285096038483,8,Memcpy DtoD (Device -> Device),Memcpy DtoD,memcpy,08. memcpy :: Memcpy DtoD,0.0009279999999998836
/home/yangshen/.cache/huggingface/hub/models--tencent--HunyuanImage-3.0-Instruct/snapshots/2ec2c78bee7d4b94157341fba86c4c2c7b1858b2,15,0,1,32,4096,3072,1,32,0.20017600059509277,0.06268799999999976,0.031135999999999966,0.01676800000000003,50.432513026052106,12.068974786277277,1,"void at::native::elementwise_kernel<128, 2, at::native::gpu_kernel_impl_nocast<at::native::direct_copy_kernel_cuda(at::TensorIteratorBase&)::{lambda()#3}::operator()() const::{lambda()#7}::operator()() const::{lambda(float)#1}>(at::TensorIteratorBase&, at::native::direct_copy_kernel_cuda(at::TensorIteratorBase&)::{lambda()#3}::operator()() const::{lambda()#7}::operator()() const::{lambda(float)#1} const&)::{lambda(int)#1}>(int, at::native::gpu_kernel_impl_nocast<at::native::direct_copy_kernel_cuda(at::TensorIteratorBase&)::{lambda()#3}::operator()() const::{lambda()#7}::operator()() const::{lambda(float)#1}>(at::TensorIteratorBase&, at::native::direct_copy_kernel_cuda(at::TensorIteratorBase&)::{lambda()#3}::operator()() const::{lambda()#7}::operator()() const::{lambda(float)#1} const&)::{lambda(int)#1})",copy/cast,copy_cast,01. copy_cast :: copy/cast,0.0010879999999999655
/home/yangshen/.cache/huggingface/hub/models--tencent--HunyuanImage-3.0-Instruct/snapshots/2ec2c78bee7d4b94157341fba86c4c2c7b1858b2,15,0,1,32,4096,3072,1,32,0.20017600059509277,0.06268799999999976,0.031135999999999966,0.01676800000000003,50.432513026052106,12.068974786277277,2,"void at::native::elementwise_kernel<128, 4, at::native::gpu_kernel_impl<at::native::direct_copy_kernel_cuda(at::TensorIteratorBase&)::{lambda()#3}::operator()() const::{lambda()#3}::operator()() const::{lambda(int)#1}>(at::TensorIteratorBase&, at::native::direct_copy_kernel_cuda(at::TensorIteratorBase&)::{lambda()#3}::operator()() const::{lambda()#3}::operator()() const::{lambda(int)#1} const&)::{lambda(int)#1}>(int, at::native::gpu_kernel_impl<at::native::direct_copy_kernel_cuda(at::TensorIteratorBase&)::{lambda()#3}::operator()() const::{lambda()#3}::operator()() const::{lambda(int)#1}>(at::TensorIteratorBase&, at::native::direct_copy_kernel_cuda(at::TensorIteratorBase&)::{lambda()#3}::operator()() const::{lambda()#3}::operator()() const::{lambda(int)#1} const&)::{lambda(int)#1})",copy/cast,copy_cast,02. copy_cast :: copy/cast,0.0013120000000000117
/home/yangshen/.cache/huggingface/hub/models--tencent--HunyuanImage-3.0-Instruct/snapshots/2ec2c78bee7d4b94157341fba86c4c2c7b1858b2,15,0,1,32,4096,3072,1,32,0.20017600059509277,0.06268799999999976,0.031135999999999966,0.01676800000000003,50.432513026052106,12.068974786277277,3,"void vllm::moe::moe_align_block_size_small_batch_expert_kernel<int, 256>(int const*, int*, int*, int*, int*, int, int, unsigned long, int, int, bool)","void vllm::moe::moe_align_block_size_small_batch_expert_kernel<int, 256>(int const*, int*, int*, int*, int*, int, int, unsigned long, int, int, bool)",other,"03. other :: void vllm::moe::moe_align_block_size_small_batch_expert_kernel<int, 256>(int const*, int*, int*, int*, int*, int, int, unsigned long, int, int, bool)",0.0075199999999999816
/home/yangshen/.cache/huggingface/hub/models--tencent--HunyuanImage-3.0-Instruct/snapshots/2ec2c78bee7d4b94157341fba86c4c2c7b1858b2,15,0,1,32,4096,3072,1,32,0.20017600059509277,0.06268799999999976,0.031135999999999966,0.01676800000000003,50.432513026052106,12.068974786277277,4,fused_moe_kernel,triton::fused_moe_kernel<GEMM1_gate_up_activation>,gemm1_gate_up_activation,04. gemm1_gate_up_activation :: triton::fused_moe_kernel<GEMM1_gate_up_activation>,0.031135999999999966
/home/yangshen/.cache/huggingface/hub/models--tencent--HunyuanImage-3.0-Instruct/snapshots/2ec2c78bee7d4b94157341fba86c4c2c7b1858b2,15,0,1,32,4096,3072,1,32,0.20017600059509277,0.06268799999999976,0.031135999999999966,0.01676800000000003,50.432513026052106,12.068974786277277,5,"void vllm::act_and_mul_kernel<c10::BFloat16, __nv_bfloat162, &(c10::BFloat16 vllm::silu_kernel<c10::BFloat16>(c10::BFloat16 const&)), &(__nv_bfloat162 vllm::packed_silu_kernel<__nv_bfloat162>(__nv_bfloat162 const&)), true, true, false, false>(c10::BFloat16*, c10::BFloat16 const*, int, float)",act_and_mul_kernel,activation,05. activation :: act_and_mul_kernel,0.0015679999999999837
/home/yangshen/.cache/huggingface/hub/models--tencent--HunyuanImage-3.0-Instruct/snapshots/2ec2c78bee7d4b94157341fba86c4c2c7b1858b2,15,0,1,32,4096,3072,1,32,0.20017600059509277,0.06268799999999976,0.031135999999999966,0.01676800000000003,50.432513026052106,12.068974786277277,6,fused_moe_kernel,triton::fused_moe_kernel<GEMM2_down>,gemm2_down,06. gemm2_down :: triton::fused_moe_kernel<GEMM2_down>,0.01676800000000003
/home/yangshen/.cache/huggingface/hub/models--tencent--HunyuanImage-3.0-Instruct/snapshots/2ec2c78bee7d4b94157341fba86c4c2c7b1858b2,15,0,1,32,4096,3072,1,32,0.20017600059509277,0.06268799999999976,0.031135999999999966,0.01676800000000003,50.432513026052106,12.068974786277277,7,"void at::native::reduce_kernel<128, 4, at::native::ReduceOp<c10::BFloat16, at::native::func_wrapper_t<c10::BFloat16, at::native::sum_functor<c10::BFloat16, float, c10::BFloat16>::operator()(at::TensorIterator&)::{lambda(float, float)#1}>, unsigned int, c10::BFloat16, 4, 8> >(at::native::ReduceOp<c10::BFloat16, at::native::func_wrapper_t<c10::BFloat16, at::native::sum_functor<c10::BFloat16, float, c10::BFloat16>::operator()(at::TensorIterator&)::{lambda(float, float)#1}>, unsigned int, c10::BFloat16, 4, 8>)","void at::native::reduce_kernel<128, 4, at::native::ReduceOp<c10::BFloat16, at::native::func_wrapper_t<c10::BFloat16, at::native::sum_functor<c10::BFloat16, float, c10::BFloat16>::o",other,"07. other :: void at::native::reduce_kernel<128, 4, at::native::ReduceOp<c10::BFloat16, at::native::func_wrapper_t<c10::BFloat16, at::native::sum_functor<c10::BFloat16, float, c10::BFloat16>::o",0.0023359999999997853
/home/yangshen/.cache/huggingface/hub/models--tencent--HunyuanImage-3.0-Instruct/snapshots/2ec2c78bee7d4b94157341fba86c4c2c7b1858b2,15,0,1,32,4096,3072,1,32,0.20017600059509277,0.06268799999999976,0.031135999999999966,0.01676800000000003,50.432513026052106,12.068974786277277,8,Memcpy DtoD (Device -> Device),Memcpy DtoD,memcpy,08. memcpy :: Memcpy DtoD,0.0009600000000000363
/home/yangshen/.cache/huggingface/hub/models--tencent--HunyuanImage-3.0-Instruct/snapshots/2ec2c78bee7d4b94157341fba86c4c2c7b1858b2,15,0,1,64,4096,3072,1,64,0.19513440132141113,0.06534199999999987,0.02953600000000006,0.02057499999999993,96.42270575322786,24.761590858811967,1,"void at::native::elementwise_kernel<128, 2, at::native::gpu_kernel_impl_nocast<at::native::direct_copy_kernel_cuda(at::TensorIteratorBase&)::{lambda()#3}::operator()() const::{lambda()#7}::operator()() const::{lambda(float)#1}>(at::TensorIteratorBase&, at::native::direct_copy_kernel_cuda(at::TensorIteratorBase&)::{lambda()#3}::operator()() const::{lambda()#7}::operator()() const::{lambda(float)#1} const&)::{lambda(int)#1}>(int, at::native::gpu_kernel_impl_nocast<at::native::direct_copy_kernel_cuda(at::TensorIteratorBase&)::{lambda()#3}::operator()() const::{lambda()#7}::operator()() const::{lambda(float)#1}>(at::TensorIteratorBase&, at::native::direct_copy_kernel_cuda(at::TensorIteratorBase&)::{lambda()#3}::operator()() const::{lambda()#7}::operator()() const::{lambda(float)#1} const&)::{lambda(int)#1})",copy/cast,copy_cast,01. copy_cast :: copy/cast,0.0010240000000000008
/home/yangshen/.cache/huggingface/hub/models--tencent--HunyuanImage-3.0-Instruct/snapshots/2ec2c78bee7d4b94157341fba86c4c2c7b1858b2,15,0,1,64,4096,3072,1,64,0.19513440132141113,0.06534199999999987,0.02953600000000006,0.02057499999999993,96.42270575322786,24.761590858811967,2,"void at::native::elementwise_kernel<128, 4, at::native::gpu_kernel_impl<at::native::direct_copy_kernel_cuda(at::TensorIteratorBase&)::{lambda()#3}::operator()() const::{lambda()#3}::operator()() const::{lambda(int)#1}>(at::TensorIteratorBase&, at::native::direct_copy_kernel_cuda(at::TensorIteratorBase&)::{lambda()#3}::operator()() const::{lambda()#3}::operator()() const::{lambda(int)#1} const&)::{lambda(int)#1}>(int, at::native::gpu_kernel_impl<at::native::direct_copy_kernel_cuda(at::TensorIteratorBase&)::{lambda()#3}::operator()() const::{lambda()#3}::operator()() const::{lambda(int)#1}>(at::TensorIteratorBase&, at::native::direct_copy_kernel_cuda(at::TensorIteratorBase&)::{lambda()#3}::operator()() const::{lambda()#3}::operator()() const::{lambda(int)#1} const&)::{lambda(int)#1})",copy/cast,copy_cast,02. copy_cast :: copy/cast,0.0011839999999999691
/home/yangshen/.cache/huggingface/hub/models--tencent--HunyuanImage-3.0-Instruct/snapshots/2ec2c78bee7d4b94157341fba86c4c2c7b1858b2,15,0,1,64,4096,3072,1,64,0.19513440132141113,0.06534199999999987,0.02953600000000006,0.02057499999999993,96.42270575322786,24.761590858811967,3,"void vllm::moe::moe_align_block_size_small_batch_expert_kernel<int, 256>(int const*, int*, int*, int*, int*, int, int, unsigned long, int, int, bool)","void vllm::moe::moe_align_block_size_small_batch_expert_kernel<int, 256>(int const*, int*, int*, int*, int*, int, int, unsigned long, int, int, bool)",other,"03. other :: void vllm::moe::moe_align_block_size_small_batch_expert_kernel<int, 256>(int const*, int*, int*, int*, int*, int, int, unsigned long, int, int, bool)",0.007711999999999989
/home/yangshen/.cache/huggingface/hub/models--tencent--HunyuanImage-3.0-Instruct/snapshots/2ec2c78bee7d4b94157341fba86c4c2c7b1858b2,15,0,1,64,4096,3072,1,64,0.19513440132141113,0.06534199999999987,0.02953600000000006,0.02057499999999993,96.42270575322786,24.761590858811967,4,fused_moe_kernel,triton::fused_moe_kernel<GEMM1_gate_up_activation>,gemm1_gate_up_activation,04. gemm1_gate_up_activation :: triton::fused_moe_kernel<GEMM1_gate_up_activation>,0.02953600000000006
/home/yangshen/.cache/huggingface/hub/models--tencent--HunyuanImage-3.0-Instruct/snapshots/2ec2c78bee7d4b94157341fba86c4c2c7b1858b2,15,0,1,64,4096,3072,1,64,0.19513440132141113,0.06534199999999987,0.02953600000000006,0.02057499999999993,96.42270575322786,24.761590858811967,5,"void vllm::act_and_mul_kernel<c10::BFloat16, __nv_bfloat162, &(c10::BFloat16 vllm::silu_kernel<c10::BFloat16>(c10::BFloat16 const&)), &(__nv_bfloat162 vllm::packed_silu_kernel<__nv_bfloat162>(__nv_bfloat162 const&)), true, true, false, false>(c10::BFloat16*, c10::BFloat16 const*, int, float)",act_and_mul_kernel,activation,05. activation :: act_and_mul_kernel,0.001599999999999909
/home/yangshen/.cache/huggingface/hub/models--tencent--HunyuanImage-3.0-Instruct/snapshots/2ec2c78bee7d4b94157341fba86c4c2c7b1858b2,15,0,1,64,4096,3072,1,64,0.19513440132141113,0.06534199999999987,0.02953600000000006,0.02057499999999993,96.42270575322786,24.761590858811967,6,fused_moe_kernel,triton::fused_moe_kernel<GEMM2_down>,gemm2_down,06. gemm2_down :: triton::fused_moe_kernel<GEMM2_down>,0.02057499999999993
/home/yangshen/.cache/huggingface/hub/models--tencent--HunyuanImage-3.0-Instruct/snapshots/2ec2c78bee7d4b94157341fba86c4c2c7b1858b2,15,0,1,64,4096,3072,1,64,0.19513440132141113,0.06534199999999987,0.02953600000000006,0.02057499999999993,96.42270575322786,24.761590858811967,7,"void at::native::reduce_kernel<128, 4, at::native::ReduceOp<c10::BFloat16, at::native::func_wrapper_t<c10::BFloat16, at::native::sum_functor<c10::BFloat16, float, c10::BFloat16>::operator()(at::TensorIterator&)::{lambda(float, float)#1}>, unsigned int, c10::BFloat16, 4, 8> >(at::native::ReduceOp<c10::BFloat16, at::native::func_wrapper_t<c10::BFloat16, at::native::sum_functor<c10::BFloat16, float, c10::BFloat16>::operator()(at::TensorIterator&)::{lambda(float, float)#1}>, unsigned int, c10::BFloat16, 4, 8>)","void at::native::reduce_kernel<128, 4, at::native::ReduceOp<c10::BFloat16, at::native::func_wrapper_t<c10::BFloat16, at::native::sum_functor<c10::BFloat16, float, c10::BFloat16>::o",other,"07. other :: void at::native::reduce_kernel<128, 4, at::native::ReduceOp<c10::BFloat16, at::native::func_wrapper_t<c10::BFloat16, at::native::sum_functor<c10::BFloat16, float, c10::BFloat16>::o",0.0026229999999999335
/home/yangshen/.cache/huggingface/hub/models--tencent--HunyuanImage-3.0-Instruct/snapshots/2ec2c78bee7d4b94157341fba86c4c2c7b1858b2,15,0,1,64,4096,3072,1,64,0.19513440132141113,0.06534199999999987,0.02953600000000006,0.02057499999999993,96.42270575322786,24.761590858811967,8,Memcpy DtoD (Device -> Device),Memcpy DtoD,memcpy,08. memcpy :: Memcpy DtoD,0.0010880000000000791
/home/yangshen/.cache/huggingface/hub/models--tencent--HunyuanImage-3.0-Instruct/snapshots/2ec2c78bee7d4b94157341fba86c4c2c7b1858b2,15,0,1,128,4096,3072,1,128,0.21622719764709472,0.099389,0.04559900000000005,0.03731099999999992,116.55622260282239,44.692233544885156,1,"void at::native::elementwise_kernel<128, 2, at::native::gpu_kernel_impl_nocast<at::native::direct_copy_kernel_cuda(at::TensorIteratorBase&)::{lambda()#3}::operator()() const::{lambda()#7}::operator()() const::{lambda(float)#1}>(at::TensorIteratorBase&, at::native::direct_copy_kernel_cuda(at::TensorIteratorBase&)::{lambda()#3}::operator()() const::{lambda()#7}::operator()() const::{lambda(float)#1} const&)::{lambda(int)#1}>(int, at::native::gpu_kernel_impl_nocast<at::native::direct_copy_kernel_cuda(at::TensorIteratorBase&)::{lambda()#3}::operator()() const::{lambda()#7}::operator()() const::{lambda(float)#1}>(at::TensorIteratorBase&, at::native::direct_copy_kernel_cuda(at::TensorIteratorBase&)::{lambda()#3}::operator()() const::{lambda()#7}::operator()() const::{lambda(float)#1} const&)::{lambda(int)#1})",copy/cast,copy_cast,01. copy_cast :: copy/cast,0.0010240000000000008
/home/yangshen/.cache/huggingface/hub/models--tencent--HunyuanImage-3.0-Instruct/snapshots/2ec2c78bee7d4b94157341fba86c4c2c7b1858b2,15,0,1,128,4096,3072,1,128,0.21622719764709472,0.099389,0.04559900000000005,0.03731099999999992,116.55622260282239,44.692233544885156,2,"void at::native::elementwise_kernel<128, 4, at::native::gpu_kernel_impl<at::native::direct_copy_kernel_cuda(at::TensorIteratorBase&)::{lambda()#3}::operator()() const::{lambda()#3}::operator()() const::{lambda(int)#1}>(at::TensorIteratorBase&, at::native::direct_copy_kernel_cuda(at::TensorIteratorBase&)::{lambda()#3}::operator()() const::{lambda()#3}::operator()() const::{lambda(int)#1} const&)::{lambda(int)#1}>(int, at::native::gpu_kernel_impl<at::native::direct_copy_kernel_cuda(at::TensorIteratorBase&)::{lambda()#3}::operator()() const::{lambda()#3}::operator()() const::{lambda(int)#1}>(at::TensorIteratorBase&, at::native::direct_copy_kernel_cuda(at::TensorIteratorBase&)::{lambda()#3}::operator()() const::{lambda()#3}::operator()() const::{lambda(int)#1} const&)::{lambda(int)#1})",copy/cast,copy_cast,02. copy_cast :: copy/cast,0.0012799999999999728
/home/yangshen/.cache/huggingface/hub/models--tencent--HunyuanImage-3.0-Instruct/snapshots/2ec2c78bee7d4b94157341fba86c4c2c7b1858b2,15,0,1,128,4096,3072,1,128,0.21622719764709472,0.099389,0.04559900000000005,0.03731099999999992,116.55622260282239,44.692233544885156,3,"void vllm::moe::moe_align_block_size_small_batch_expert_kernel<int, 256>(int const*, int*, int*, int*, int*, int, int, unsigned long, int, int, bool)","void vllm::moe::moe_align_block_size_small_batch_expert_kernel<int, 256>(int const*, int*, int*, int*, int*, int, int, unsigned long, int, int, bool)",other,"03. other :: void vllm::moe::moe_align_block_size_small_batch_expert_kernel<int, 256>(int const*, int*, int*, int*, int*, int, int, unsigned long, int, int, bool)",0.008031000000000062
/home/yangshen/.cache/huggingface/hub/models--tencent--HunyuanImage-3.0-Instruct/snapshots/2ec2c78bee7d4b94157341fba86c4c2c7b1858b2,15,0,1,128,4096,3072,1,128,0.21622719764709472,0.099389,0.04559900000000005,0.03731099999999992,116.55622260282239,44.692233544885156,4,fused_moe_kernel,triton::fused_moe_kernel<GEMM1_gate_up_activation>,gemm1_gate_up_activation,04. gemm1_gate_up_activation :: triton::fused_moe_kernel<GEMM1_gate_up_activation>,0.04559900000000005
/home/yangshen/.cache/huggingface/hub/models--tencent--HunyuanImage-3.0-Instruct/snapshots/2ec2c78bee7d4b94157341fba86c4c2c7b1858b2,15,0,1,128,4096,3072,1,128,0.21622719764709472,0.099389,0.04559900000000005,0.03731099999999992,116.55622260282239,44.692233544885156,5,"void vllm::act_and_mul_kernel<c10::BFloat16, __nv_bfloat162, &(c10::BFloat16 vllm::silu_kernel<c10::BFloat16>(c10::BFloat16 const&)), &(__nv_bfloat162 vllm::packed_silu_kernel<__nv_bfloat162>(__nv_bfloat162 const&)), true, true, false, false>(c10::BFloat16*, c10::BFloat16 const*, int, float)",act_and_mul_kernel,activation,05. activation :: act_and_mul_kernel,0.0017590000000000145
/home/yangshen/.cache/huggingface/hub/models--tencent--HunyuanImage-3.0-Instruct/snapshots/2ec2c78bee7d4b94157341fba86c4c2c7b1858b2,15,0,1,128,4096,3072,1,128,0.21622719764709472,0.099389,0.04559900000000005,0.03731099999999992,116.55622260282239,44.692233544885156,6,fused_moe_kernel,triton::fused_moe_kernel<GEMM2_down>,gemm2_down,06. gemm2_down :: triton::fused_moe_kernel<GEMM2_down>,0.03731099999999992
/home/yangshen/.cache/huggingface/hub/models--tencent--HunyuanImage-3.0-Instruct/snapshots/2ec2c78bee7d4b94157341fba86c4c2c7b1858b2,15,0,1,128,4096,3072,1,128,0.21622719764709472,0.099389,0.04559900000000005,0.03731099999999992,116.55622260282239,44.692233544885156,7,"void at::native::reduce_kernel<128, 4, at::native::ReduceOp<c10::BFloat16, at::native::func_wrapper_t<c10::BFloat16, at::native::sum_functor<c10::BFloat16, float, c10::BFloat16>::operator()(at::TensorIterator&)::{lambda(float, float)#1}>, unsigned int, c10::BFloat16, 4, 8> >(at::native::ReduceOp<c10::BFloat16, at::native::func_wrapper_t<c10::BFloat16, at::native::sum_functor<c10::BFloat16, float, c10::BFloat16>::operator()(at::TensorIterator&)::{lambda(float, float)#1}>, unsigned int, c10::BFloat16, 4, 8>)","void at::native::reduce_kernel<128, 4, at::native::ReduceOp<c10::BFloat16, at::native::func_wrapper_t<c10::BFloat16, at::native::sum_functor<c10::BFloat16, float, c10::BFloat16>::o",other,"07. other :: void at::native::reduce_kernel<128, 4, at::native::ReduceOp<c10::BFloat16, at::native::func_wrapper_t<c10::BFloat16, at::native::sum_functor<c10::BFloat16, float, c10::BFloat16>::o",0.00326400000000001
/home/yangshen/.cache/huggingface/hub/models--tencent--HunyuanImage-3.0-Instruct/snapshots/2ec2c78bee7d4b94157341fba86c4c2c7b1858b2,15,0,1,128,4096,3072,1,128,0.21622719764709472,0.099389,0.04559900000000005,0.03731099999999992,116.55622260282239,44.692233544885156,8,Memcpy DtoD (Device -> Device),Memcpy DtoD,memcpy,08. memcpy :: Memcpy DtoD,0.001120999999999981
/home/yangshen/.cache/huggingface/hub/models--tencent--HunyuanImage-3.0-Instruct/snapshots/2ec2c78bee7d4b94157341fba86c4c2c7b1858b2,15,0,1,256,4096,3072,1,256,0.19803839921951294,0.1373430000000002,0.07814300000000003,0.038624000000000026,165.52067649250208,97.59396616096085,1,"void at::native::elementwise_kernel<128, 2, at::native::gpu_kernel_impl_nocast<at::native::direct_copy_kernel_cuda(at::TensorIteratorBase&)::{lambda()#3}::operator()() const::{lambda()#7}::operator()() const::{lambda(float)#1}>(at::TensorIteratorBase&, at::native::direct_copy_kernel_cuda(at::TensorIteratorBase&)::{lambda()#3}::operator()() const::{lambda()#7}::operator()() const::{lambda(float)#1} const&)::{lambda(int)#1}>(int, at::native::gpu_kernel_impl_nocast<at::native::direct_copy_kernel_cuda(at::TensorIteratorBase&)::{lambda()#3}::operator()() const::{lambda()#7}::operator()() const::{lambda(float)#1}>(at::TensorIteratorBase&, at::native::direct_copy_kernel_cuda(at::TensorIteratorBase&)::{lambda()#3}::operator()() const::{lambda()#7}::operator()() const::{lambda(float)#1} const&)::{lambda(int)#1})",copy/cast,copy_cast,01. copy_cast :: copy/cast,0.001216000000000008
/home/yangshen/.cache/huggingface/hub/models--tencent--HunyuanImage-3.0-Instruct/snapshots/2ec2c78bee7d4b94157341fba86c4c2c7b1858b2,15,0,1,256,4096,3072,1,256,0.19803839921951294,0.1373430000000002,0.07814300000000003,0.038624000000000026,165.52067649250208,97.59396616096085,2,"void at::native::elementwise_kernel<128, 4, at::native::gpu_kernel_impl<at::native::direct_copy_kernel_cuda(at::TensorIteratorBase&)::{lambda()#3}::operator()() const::{lambda()#3}::operator()() const::{lambda(int)#1}>(at::TensorIteratorBase&, at::native::direct_copy_kernel_cuda(at::TensorIteratorBase&)::{lambda()#3}::operator()() const::{lambda()#3}::operator()() const::{lambda(int)#1} const&)::{lambda(int)#1}>(int, at::native::gpu_kernel_impl<at::native::direct_copy_kernel_cuda(at::TensorIteratorBase&)::{lambda()#3}::operator()() const::{lambda()#3}::operator()() const::{lambda(int)#1}>(at::TensorIteratorBase&, at::native::direct_copy_kernel_cuda(at::TensorIteratorBase&)::{lambda()#3}::operator()() const::{lambda()#3}::operator()() const::{lambda(int)#1} const&)::{lambda(int)#1})",copy/cast,copy_cast,02. copy_cast :: copy/cast,0.0016639999999999873
/home/yangshen/.cache/huggingface/hub/models--tencent--HunyuanImage-3.0-Instruct/snapshots/2ec2c78bee7d4b94157341fba86c4c2c7b1858b2,15,0,1,256,4096,3072,1,256,0.19803839921951294,0.1373430000000002,0.07814300000000003,0.038624000000000026,165.52067649250208,97.59396616096085,3,"void vllm::moe::moe_align_block_size_small_batch_expert_kernel<int, 256>(int const*, int*, int*, int*, int*, int, int, unsigned long, int, int, bool)","void vllm::moe::moe_align_block_size_small_batch_expert_kernel<int, 256>(int const*, int*, int*, int*, int*, int, int, unsigned long, int, int, bool)",other,"03. other :: void vllm::moe::moe_align_block_size_small_batch_expert_kernel<int, 256>(int const*, int*, int*, int*, int*, int, int, unsigned long, int, int, bool)",0.00876800000000003
/home/yangshen/.cache/huggingface/hub/models--tencent--HunyuanImage-3.0-Instruct/snapshots/2ec2c78bee7d4b94157341fba86c4c2c7b1858b2,15,0,1,256,4096,3072,1,256,0.19803839921951294,0.1373430000000002,0.07814300000000003,0.038624000000000026,165.52067649250208,97.59396616096085,4,fused_moe_kernel,triton::fused_moe_kernel<GEMM1_gate_up_activation>,gemm1_gate_up_activation,04. gemm1_gate_up_activation :: triton::fused_moe_kernel<GEMM1_gate_up_activation>,0.07814300000000003
/home/yangshen/.cache/huggingface/hub/models--tencent--HunyuanImage-3.0-Instruct/snapshots/2ec2c78bee7d4b94157341fba86c4c2c7b1858b2,15,0,1,256,4096,3072,1,256,0.19803839921951294,0.1373430000000002,0.07814300000000003,0.038624000000000026,165.52067649250208,97.59396616096085,5,"void vllm::act_and_mul_kernel<c10::BFloat16, __nv_bfloat162, &(c10::BFloat16 vllm::silu_kernel<c10::BFloat16>(c10::BFloat16 const&)), &(__nv_bfloat162 vllm::packed_silu_kernel<__nv_bfloat162>(__nv_bfloat162 const&)), true, true, false, true>(c10::BFloat16*, c10::BFloat16 const*, int, float)",act_and_mul_kernel,activation,05. activation :: act_and_mul_kernel,0.002432000000000016
/home/yangshen/.cache/huggingface/hub/models--tencent--HunyuanImage-3.0-Instruct/snapshots/2ec2c78bee7d4b94157341fba86c4c2c7b1858b2,15,0,1,256,4096,3072,1,256,0.19803839921951294,0.1373430000000002,0.07814300000000003,0.038624000000000026,165.52067649250208,97.59396616096085,6,fused_moe_kernel,triton::fused_moe_kernel<GEMM2_down>,gemm2_down,06. gemm2_down :: triton::fused_moe_kernel<GEMM2_down>,0.038624000000000026
/home/yangshen/.cache/huggingface/hub/models--tencent--HunyuanImage-3.0-Instruct/snapshots/2ec2c78bee7d4b94157341fba86c4c2c7b1858b2,15,0,1,256,4096,3072,1,256,0.19803839921951294,0.1373430000000002,0.07814300000000003,0.038624000000000026,165.52067649250208,97.59396616096085,7,"void at::native::reduce_kernel<128, 4, at::native::ReduceOp<c10::BFloat16, at::native::func_wrapper_t<c10::BFloat16, at::native::sum_functor<c10::BFloat16, float, c10::BFloat16>::operator()(at::TensorIterator&)::{lambda(float, float)#1}>, unsigned int, c10::BFloat16, 4, 8> >(at::native::ReduceOp<c10::BFloat16, at::native::func_wrapper_t<c10::BFloat16, at::native::sum_functor<c10::BFloat16, float, c10::BFloat16>::operator()(at::TensorIterator&)::{lambda(float, float)#1}>, unsigned int, c10::BFloat16, 4, 8>)","void at::native::reduce_kernel<128, 4, at::native::ReduceOp<c10::BFloat16, at::native::func_wrapper_t<c10::BFloat16, at::native::sum_functor<c10::BFloat16, float, c10::BFloat16>::o",other,"07. other :: void at::native::reduce_kernel<128, 4, at::native::ReduceOp<c10::BFloat16, at::native::func_wrapper_t<c10::BFloat16, at::native::sum_functor<c10::BFloat16, float, c10::BFloat16>::o",0.0050880000000000794
/home/yangshen/.cache/huggingface/hub/models--tencent--HunyuanImage-3.0-Instruct/snapshots/2ec2c78bee7d4b94157341fba86c4c2c7b1858b2,15,0,1,256,4096,3072,1,256,0.19803839921951294,0.1373430000000002,0.07814300000000003,0.038624000000000026,165.52067649250208,97.59396616096085,8,Memcpy DtoD (Device -> Device),Memcpy DtoD,memcpy,08. memcpy :: Memcpy DtoD,0.0014080000000000154
/home/yangshen/.cache/huggingface/hub/models--tencent--HunyuanImage-3.0-Instruct/snapshots/2ec2c78bee7d4b94157341fba86c4c2c7b1858b2,15,0,1,512,4096,3072,1,512,0.25101919174194337,0.2191069999999999,0.12329700000000003,0.06947299999999995,200.52241357057633,153.99103708268814,1,"void at::native::elementwise_kernel<128, 2, at::native::gpu_kernel_impl_nocast<at::native::direct_copy_kernel_cuda(at::TensorIteratorBase&)::{lambda()#3}::operator()() const::{lambda()#7}::operator()() const::{lambda(float)#1}>(at::TensorIteratorBase&, at::native::direct_copy_kernel_cuda(at::TensorIteratorBase&)::{lambda()#3}::operator()() const::{lambda()#7}::operator()() const::{lambda(float)#1} const&)::{lambda(int)#1}>(int, at::native::gpu_kernel_impl_nocast<at::native::direct_copy_kernel_cuda(at::TensorIteratorBase&)::{lambda()#3}::operator()() const::{lambda()#7}::operator()() const::{lambda(float)#1}>(at::TensorIteratorBase&, at::native::direct_copy_kernel_cuda(at::TensorIteratorBase&)::{lambda()#3}::operator()() const::{lambda()#7}::operator()() const::{lambda(float)#1} const&)::{lambda(int)#1})",copy/cast,copy_cast,01. copy_cast :: copy/cast,0.001216000000000008
/home/yangshen/.cache/huggingface/hub/models--tencent--HunyuanImage-3.0-Instruct/snapshots/2ec2c78bee7d4b94157341fba86c4c2c7b1858b2,15,0,1,512,4096,3072,1,512,0.25101919174194337,0.2191069999999999,0.12329700000000003,0.06947299999999995,200.52241357057633,153.99103708268814,2,"void at::native::elementwise_kernel<128, 4, at::native::gpu_kernel_impl<at::native::direct_copy_kernel_cuda(at::TensorIteratorBase&)::{lambda()#3}::operator()() const::{lambda()#3}::operator()() const::{lambda(int)#1}>(at::TensorIteratorBase&, at::native::direct_copy_kernel_cuda(at::TensorIteratorBase&)::{lambda()#3}::operator()() const::{lambda()#3}::operator()() const::{lambda(int)#1} const&)::{lambda(int)#1}>(int, at::native::gpu_kernel_impl<at::native::direct_copy_kernel_cuda(at::TensorIteratorBase&)::{lambda()#3}::operator()() const::{lambda()#3}::operator()() const::{lambda(int)#1}>(at::TensorIteratorBase&, at::native::direct_copy_kernel_cuda(at::TensorIteratorBase&)::{lambda()#3}::operator()() const::{lambda()#3}::operator()() const::{lambda(int)#1} const&)::{lambda(int)#1})",copy/cast,copy_cast,02. copy_cast :: copy/cast,0.0024639999999999987
/home/yangshen/.cache/huggingface/hub/models--tencent--HunyuanImage-3.0-Instruct/snapshots/2ec2c78bee7d4b94157341fba86c4c2c7b1858b2,15,0,1,512,4096,3072,1,512,0.25101919174194337,0.2191069999999999,0.12329700000000003,0.06947299999999995,200.52241357057633,153.99103708268814,3,"void vllm::moe::moe_align_block_size_small_batch_expert_kernel<int, 256>(int const*, int*, int*, int*, int*, int, int, unsigned long, int, int, bool)","void vllm::moe::moe_align_block_size_small_batch_expert_kernel<int, 256>(int const*, int*, int*, int*, int*, int, int, unsigned long, int, int, bool)",other,"03. other :: void vllm::moe::moe_align_block_size_small_batch_expert_kernel<int, 256>(int const*, int*, int*, int*, int*, int, int, unsigned long, int, int, bool)",0.010048999999999978
/home/yangshen/.cache/huggingface/hub/models--tencent--HunyuanImage-3.0-Instruct/snapshots/2ec2c78bee7d4b94157341fba86c4c2c7b1858b2,15,0,1,512,4096,3072,1,512,0.25101919174194337,0.2191069999999999,0.12329700000000003,0.06947299999999995,200.52241357057633,153.99103708268814,4,fused_moe_kernel,triton::fused_moe_kernel<GEMM1_gate_up_activation>,gemm1_gate_up_activation,04. gemm1_gate_up_activation :: triton::fused_moe_kernel<GEMM1_gate_up_activation>,0.12329700000000003
/home/yangshen/.cache/huggingface/hub/models--tencent--HunyuanImage-3.0-Instruct/snapshots/2ec2c78bee7d4b94157341fba86c4c2c7b1858b2,15,0,1,512,4096,3072,1,512,0.25101919174194337,0.2191069999999999,0.12329700000000003,0.06947299999999995,200.52241357057633,153.99103708268814,5,"void vllm::act_and_mul_kernel<c10::BFloat16, __nv_bfloat162, &(c10::BFloat16 vllm::silu_kernel<c10::BFloat16>(c10::BFloat16 const&)), &(__nv_bfloat162 vllm::packed_silu_kernel<__nv_bfloat162>(__nv_bfloat162 const&)), true, true, false, true>(c10::BFloat16*, c10::BFloat16 const*, int, float)",act_and_mul_kernel,activation,05. activation :: act_and_mul_kernel,0.00294399999999996
/home/yangshen/.cache/huggingface/hub/models--tencent--HunyuanImage-3.0-Instruct/snapshots/2ec2c78bee7d4b94157341fba86c4c2c7b1858b2,15,0,1,512,4096,3072,1,512,0.25101919174194337,0.2191069999999999,0.12329700000000003,0.06947299999999995,200.52241357057633,153.99103708268814,6,fused_moe_kernel,triton::fused_moe_kernel<GEMM2_down>,gemm2_down,06. gemm2_down :: triton::fused_moe_kernel<GEMM2_down>,0.06947299999999995
/home/yangshen/.cache/huggingface/hub/models--tencent--HunyuanImage-3.0-Instruct/snapshots/2ec2c78bee7d4b94157341fba86c4c2c7b1858b2,15,0,1,512,4096,3072,1,512,0.25101919174194337,0.2191069999999999,0.12329700000000003,0.06947299999999995,200.52241357057633,153.99103708268814,7,"void at::native::reduce_kernel<128, 4, at::native::ReduceOp<c10::BFloat16, at::native::func_wrapper_t<c10::BFloat16, at::native::sum_functor<c10::BFloat16, float, c10::BFloat16>::operator()(at::TensorIterator&)::{lambda(float, float)#1}>, unsigned int, c10::BFloat16, 4, 8> >(at::native::ReduceOp<c10::BFloat16, at::native::func_wrapper_t<c10::BFloat16, at::native::sum_functor<c10::BFloat16, float, c10::BFloat16>::operator()(at::TensorIterator&)::{lambda(float, float)#1}>, unsigned int, c10::BFloat16, 4, 8>)","void at::native::reduce_kernel<128, 4, at::native::ReduceOp<c10::BFloat16, at::native::func_wrapper_t<c10::BFloat16, at::native::sum_functor<c10::BFloat16, float, c10::BFloat16>::o",other,"07. other :: void at::native::reduce_kernel<128, 4, at::native::ReduceOp<c10::BFloat16, at::native::func_wrapper_t<c10::BFloat16, at::native::sum_functor<c10::BFloat16, float, c10::BFloat16>::o",0.00758400000000006
/home/yangshen/.cache/huggingface/hub/models--tencent--HunyuanImage-3.0-Instruct/snapshots/2ec2c78bee7d4b94157341fba86c4c2c7b1858b2,15,0,1,512,4096,3072,1,512,0.25101919174194337,0.2191069999999999,0.12329700000000003,0.06947299999999995,200.52241357057633,153.99103708268814,8,Memcpy DtoD (Device -> Device),Memcpy DtoD,memcpy,08. memcpy :: Memcpy DtoD,0.0020799999999999274
/home/yangshen/.cache/huggingface/hub/models--tencent--HunyuanImage-3.0-Instruct/snapshots/2ec2c78bee7d4b94157341fba86c4c2c7b1858b2,15,0,1,1024,4096,3072,1,1024,0.38023838996887205,0.36188900000000035,0.2184000000000001,0.11491200000000003,231.94307834101375,203.31826918983347,1,"void at::native::elementwise_kernel<128, 2, at::native::gpu_kernel_impl_nocast<at::native::direct_copy_kernel_cuda(at::TensorIteratorBase&)::{lambda()#3}::operator()() const::{lambda()#7}::operator()() const::{lambda(float)#1}>(at::TensorIteratorBase&, at::native::direct_copy_kernel_cuda(at::TensorIteratorBase&)::{lambda()#3}::operator()() const::{lambda()#7}::operator()() const::{lambda(float)#1} const&)::{lambda(int)#1}>(int, at::native::gpu_kernel_impl_nocast<at::native::direct_copy_kernel_cuda(at::TensorIteratorBase&)::{lambda()#3}::operator()() const::{lambda()#7}::operator()() const::{lambda(float)#1}>(at::TensorIteratorBase&, at::native::direct_copy_kernel_cuda(at::TensorIteratorBase&)::{lambda()#3}::operator()() const::{lambda()#7}::operator()() const::{lambda(float)#1} const&)::{lambda(int)#1})",copy/cast,copy_cast,01. copy_cast :: copy/cast,0.001216000000000122
/home/yangshen/.cache/huggingface/hub/models--tencent--HunyuanImage-3.0-Instruct/snapshots/2ec2c78bee7d4b94157341fba86c4c2c7b1858b2,15,0,1,1024,4096,3072,1,1024,0.38023838996887205,0.36188900000000035,0.2184000000000001,0.11491200000000003,231.94307834101375,203.31826918983347,2,"void at::native::elementwise_kernel<128, 4, at::native::gpu_kernel_impl<at::native::direct_copy_kernel_cuda(at::TensorIteratorBase&)::{lambda()#3}::operator()() const::{lambda()#3}::operator()() const::{lambda(int)#1}>(at::TensorIteratorBase&, at::native::direct_copy_kernel_cuda(at::TensorIteratorBase&)::{lambda()#3}::operator()() const::{lambda()#3}::operator()() const::{lambda(int)#1} const&)::{lambda(int)#1}>(int, at::native::gpu_kernel_impl<at::native::direct_copy_kernel_cuda(at::TensorIteratorBase&)::{lambda()#3}::operator()() const::{lambda()#3}::operator()() const::{lambda(int)#1}>(at::TensorIteratorBase&, at::native::direct_copy_kernel_cuda(at::TensorIteratorBase&)::{lambda()#3}::operator()() const::{lambda()#3}::operator()() const::{lambda(int)#1} const&)::{lambda(int)#1})",copy/cast,copy_cast,02. copy_cast :: copy/cast,0.0023999999999998636
/home/yangshen/.cache/huggingface/hub/models--tencent--HunyuanImage-3.0-Instruct/snapshots/2ec2c78bee7d4b94157341fba86c4c2c7b1858b2,15,0,1,1024,4096,3072,1,1024,0.38023838996887205,0.36188900000000035,0.2184000000000001,0.11491200000000003,231.94307834101375,203.31826918983347,3,"void vllm::moe::moe_align_block_size_kernel<int>(int const*, int*, int*, int*, int*, int, int, int, int, unsigned long, int*, int, int, bool)",moe_align_block_size_kernel,expert_map_build,03. expert_map_build :: moe_align_block_size_kernel,0.0033279999999999746
/home/yangshen/.cache/huggingface/hub/models--tencent--HunyuanImage-3.0-Instruct/snapshots/2ec2c78bee7d4b94157341fba86c4c2c7b1858b2,15,0,1,1024,4096,3072,1,1024,0.38023838996887205,0.36188900000000035,0.2184000000000001,0.11491200000000003,231.94307834101375,203.31826918983347,4,"void vllm::moe::count_and_sort_expert_tokens_kernel<int>(int const*, int*, int*, int*, unsigned long, int, int, int, bool)",count_and_sort_expert_tokens_kernel,expert_map_build,04. expert_map_build :: count_and_sort_expert_tokens_kernel,0.00169600000000014
/home/yangshen/.cache/huggingface/hub/models--tencent--HunyuanImage-3.0-Instruct/snapshots/2ec2c78bee7d4b94157341fba86c4c2c7b1858b2,15,0,1,1024,4096,3072,1,1024,0.38023838996887205,0.36188900000000035,0.2184000000000001,0.11491200000000003,231.94307834101375,203.31826918983347,5,fused_moe_kernel,triton::fused_moe_kernel<GEMM1_gate_up_activation>,gemm1_gate_up_activation,05. gemm1_gate_up_activation :: triton::fused_moe_kernel<GEMM1_gate_up_activation>,0.2184000000000001
/home/yangshen/.cache/huggingface/hub/models--tencent--HunyuanImage-3.0-Instruct/snapshots/2ec2c78bee7d4b94157341fba86c4c2c7b1858b2,15,0,1,1024,4096,3072,1,1024,0.38023838996887205,0.36188900000000035,0.2184000000000001,0.11491200000000003,231.94307834101375,203.31826918983347,6,"void vllm::act_and_mul_kernel<c10::BFloat16, __nv_bfloat162, &(c10::BFloat16 vllm::silu_kernel<c10::BFloat16>(c10::BFloat16 const&)), &(__nv_bfloat162 vllm::packed_silu_kernel<__nv_bfloat162>(__nv_bfloat162 const&)), true, true, false, true>(c10::BFloat16*, c10::BFloat16 const*, int, float)",act_and_mul_kernel,activation,06. activation :: act_and_mul_kernel,0.004160000000000082
/home/yangshen/.cache/huggingface/hub/models--tencent--HunyuanImage-3.0-Instruct/snapshots/2ec2c78bee7d4b94157341fba86c4c2c7b1858b2,15,0,1,1024,4096,3072,1,1024,0.38023838996887205,0.36188900000000035,0.2184000000000001,0.11491200000000003,231.94307834101375,203.31826918983347,7,fused_moe_kernel,triton::fused_moe_kernel<GEMM2_down>,gemm2_down,07. gemm2_down :: triton::fused_moe_kernel<GEMM2_down>,0.11491200000000003
/home/yangshen/.cache/huggingface/hub/models--tencent--HunyuanImage-3.0-Instruct/snapshots/2ec2c78bee7d4b94157341fba86c4c2c7b1858b2,15,0,1,1024,4096,3072,1,1024,0.38023838996887205,0.36188900000000035,0.2184000000000001,0.11491200000000003,231.94307834101375,203.31826918983347,8,"void at::native::reduce_kernel<128, 4, at::native::ReduceOp<c10::BFloat16, at::native::func_wrapper_t<c10::BFloat16, at::native::sum_functor<c10::BFloat16, float, c10::BFloat16>::operator()(at::TensorIterator&)::{lambda(float, float)#1}>, unsigned int, c10::BFloat16, 4, 8> >(at::native::ReduceOp<c10::BFloat16, at::native::func_wrapper_t<c10::BFloat16, at::native::sum_functor<c10::BFloat16, float, c10::BFloat16>::operator()(at::TensorIterator&)::{lambda(float, float)#1}>, unsigned int, c10::BFloat16, 4, 8>)","void at::native::reduce_kernel<128, 4, at::native::ReduceOp<c10::BFloat16, at::native::func_wrapper_t<c10::BFloat16, at::native::sum_functor<c10::BFloat16, float, c10::BFloat16>::o",other,"08. other :: void at::native::reduce_kernel<128, 4, at::native::ReduceOp<c10::BFloat16, at::native::func_wrapper_t<c10::BFloat16, at::native::sum_functor<c10::BFloat16, float, c10::BFloat16>::o",0.012353000000000065
/home/yangshen/.cache/huggingface/hub/models--tencent--HunyuanImage-3.0-Instruct/snapshots/2ec2c78bee7d4b94157341fba86c4c2c7b1858b2,15,0,1,1024,4096,3072,1,1024,0.38023838996887205,0.36188900000000035,0.2184000000000001,0.11491200000000003,231.94307834101375,203.31826918983347,9,Memcpy DtoD (Device -> Device),Memcpy DtoD,memcpy,09. memcpy :: Memcpy DtoD,0.0034239999999999783
/home/yangshen/.cache/huggingface/hub/models--tencent--HunyuanImage-3.0-Instruct/snapshots/2ec2c78bee7d4b94157341fba86c4c2c7b1858b2,15,0,1,2048,4096,3072,1,2048,0.6169312000274658,0.5890149999999997,0.3653059999999998,0.17705399999999985,285.085225046095,250.6257142597365,1,"void at::native::elementwise_kernel<128, 2, at::native::gpu_kernel_impl_nocast<at::native::direct_copy_kernel_cuda(at::TensorIteratorBase&)::{lambda()#3}::operator()() const::{lambda()#7}::operator()() const::{lambda(float)#1}>(at::TensorIteratorBase&, at::native::direct_copy_kernel_cuda(at::TensorIteratorBase&)::{lambda()#3}::operator()() const::{lambda()#7}::operator()() const::{lambda(float)#1} const&)::{lambda(int)#1}>(int, at::native::gpu_kernel_impl_nocast<at::native::direct_copy_kernel_cuda(at::TensorIteratorBase&)::{lambda()#3}::operator()() const::{lambda()#7}::operator()() const::{lambda(float)#1}>(at::TensorIteratorBase&, at::native::direct_copy_kernel_cuda(at::TensorIteratorBase&)::{lambda()#3}::operator()() const::{lambda()#7}::operator()() const::{lambda(float)#1} const&)::{lambda(int)#1})",copy/cast,copy_cast,01. copy_cast :: copy/cast,0.0017920000000000301
/home/yangshen/.cache/huggingface/hub/models--tencent--HunyuanImage-3.0-Instruct/snapshots/2ec2c78bee7d4b94157341fba86c4c2c7b1858b2,15,0,1,2048,4096,3072,1,2048,0.6169312000274658,0.5890149999999997,0.3653059999999998,0.17705399999999985,285.085225046095,250.6257142597365,2,"void at::native::elementwise_kernel<128, 4, at::native::gpu_kernel_impl<at::native::direct_copy_kernel_cuda(at::TensorIteratorBase&)::{lambda()#3}::operator()() const::{lambda()#3}::operator()() const::{lambda(int)#1}>(at::TensorIteratorBase&, at::native::direct_copy_kernel_cuda(at::TensorIteratorBase&)::{lambda()#3}::operator()() const::{lambda()#3}::operator()() const::{lambda(int)#1} const&)::{lambda(int)#1}>(int, at::native::gpu_kernel_impl<at::native::direct_copy_kernel_cuda(at::TensorIteratorBase&)::{lambda()#3}::operator()() const::{lambda()#3}::operator()() const::{lambda(int)#1}>(at::TensorIteratorBase&, at::native::direct_copy_kernel_cuda(at::TensorIteratorBase&)::{lambda()#3}::operator()() const::{lambda()#3}::operator()() const::{lambda(int)#1} const&)::{lambda(int)#1})",copy/cast,copy_cast,02. copy_cast :: copy/cast,0.002432000000000016
/home/yangshen/.cache/huggingface/hub/models--tencent--HunyuanImage-3.0-Instruct/snapshots/2ec2c78bee7d4b94157341fba86c4c2c7b1858b2,15,0,1,2048,4096,3072,1,2048,0.6169312000274658,0.5890149999999997,0.3653059999999998,0.17705399999999985,285.085225046095,250.6257142597365,3,"void vllm::moe::moe_align_block_size_kernel<int>(int const*, int*, int*, int*, int*, int, int, int, int, unsigned long, int*, int, int, bool)",moe_align_block_size_kernel,expert_map_build,03. expert_map_build :: moe_align_block_size_kernel,0.003679999999999836
/home/yangshen/.cache/huggingface/hub/models--tencent--HunyuanImage-3.0-Instruct/snapshots/2ec2c78bee7d4b94157341fba86c4c2c7b1858b2,15,0,1,2048,4096,3072,1,2048,0.6169312000274658,0.5890149999999997,0.3653059999999998,0.17705399999999985,285.085225046095,250.6257142597365,4,"void vllm::moe::count_and_sort_expert_tokens_kernel<int>(int const*, int*, int*, int*, unsigned long, int, int, int, bool)",count_and_sort_expert_tokens_kernel,expert_map_build,04. expert_map_build :: count_and_sort_expert_tokens_kernel,0.0023360000000000125
/home/yangshen/.cache/huggingface/hub/models--tencent--HunyuanImage-3.0-Instruct/snapshots/2ec2c78bee7d4b94157341fba86c4c2c7b1858b2,15,0,1,2048,4096,3072,1,2048,0.6169312000274658,0.5890149999999997,0.3653059999999998,0.17705399999999985,285.085225046095,250.6257142597365,5,fused_moe_kernel,triton::fused_moe_kernel<GEMM1_gate_up_activation>,gemm1_gate_up_activation,05. gemm1_gate_up_activation :: triton::fused_moe_kernel<GEMM1_gate_up_activation>,0.3653059999999998
/home/yangshen/.cache/huggingface/hub/models--tencent--HunyuanImage-3.0-Instruct/snapshots/2ec2c78bee7d4b94157341fba86c4c2c7b1858b2,15,0,1,2048,4096,3072,1,2048,0.6169312000274658,0.5890149999999997,0.3653059999999998,0.17705399999999985,285.085225046095,250.6257142597365,6,"void vllm::act_and_mul_kernel<c10::BFloat16, __nv_bfloat162, &(c10::BFloat16 vllm::silu_kernel<c10::BFloat16>(c10::BFloat16 const&)), &(__nv_bfloat162 vllm::packed_silu_kernel<__nv_bfloat162>(__nv_bfloat162 const&)), true, true, false, true>(c10::BFloat16*, c10::BFloat16 const*, int, float)",act_and_mul_kernel,activation,06. activation :: act_and_mul_kernel,0.006976000000000113
/home/yangshen/.cache/huggingface/hub/models--tencent--HunyuanImage-3.0-Instruct/snapshots/2ec2c78bee7d4b94157341fba86c4c2c7b1858b2,15,0,1,2048,4096,3072,1,2048,0.6169312000274658,0.5890149999999997,0.3653059999999998,0.17705399999999985,285.085225046095,250.6257142597365,7,fused_moe_kernel,triton::fused_moe_kernel<GEMM2_down>,gemm2_down,07. gemm2_down :: triton::fused_moe_kernel<GEMM2_down>,0.17705399999999985
/home/yangshen/.cache/huggingface/hub/models--tencent--HunyuanImage-3.0-Instruct/snapshots/2ec2c78bee7d4b94157341fba86c4c2c7b1858b2,15,0,1,2048,4096,3072,1,2048,0.6169312000274658,0.5890149999999997,0.3653059999999998,0.17705399999999985,285.085225046095,250.6257142597365,8,"void at::native::reduce_kernel<128, 4, at::native::ReduceOp<c10::BFloat16, at::native::func_wrapper_t<c10::BFloat16, at::native::sum_functor<c10::BFloat16, float, c10::BFloat16>::operator()(at::TensorIterator&)::{lambda(float, float)#1}>, unsigned int, c10::BFloat16, 4, 8> >(at::native::ReduceOp<c10::BFloat16, at::native::func_wrapper_t<c10::BFloat16, at::native::sum_functor<c10::BFloat16, float, c10::BFloat16>::operator()(at::TensorIterator&)::{lambda(float, float)#1}>, unsigned int, c10::BFloat16, 4, 8>)","void at::native::reduce_kernel<128, 4, at::native::ReduceOp<c10::BFloat16, at::native::func_wrapper_t<c10::BFloat16, at::native::sum_functor<c10::BFloat16, float, c10::BFloat16>::o",other,"08. other :: void at::native::reduce_kernel<128, 4, at::native::ReduceOp<c10::BFloat16, at::native::func_wrapper_t<c10::BFloat16, at::native::sum_functor<c10::BFloat16, float, c10::BFloat16>::o",0.023134999999999992
/home/yangshen/.cache/huggingface/hub/models--tencent--HunyuanImage-3.0-Instruct/snapshots/2ec2c78bee7d4b94157341fba86c4c2c7b1858b2,15,0,1,2048,4096,3072,1,2048,0.6169312000274658,0.5890149999999997,0.3653059999999998,0.17705399999999985,285.085225046095,250.6257142597365,9,Memcpy DtoD (Device -> Device),Memcpy DtoD,memcpy,09. memcpy :: Memcpy DtoD,0.006304000000000087
/home/yangshen/.cache/huggingface/hub/models--tencent--HunyuanImage-3.0-Instruct/snapshots/2ec2c78bee7d4b94157341fba86c4c2c7b1858b2,15,0,1,4096,4096,3072,1,4096,1.1077728271484375,1.0840190000000003,0.6556089999999999,0.34726000000000024,308.35298061062815,279.15258231059977,1,"void at::native::elementwise_kernel<128, 2, at::native::gpu_kernel_impl_nocast<at::native::direct_copy_kernel_cuda(at::TensorIteratorBase&)::{lambda()#3}::operator()() const::{lambda()#7}::operator()() const::{lambda(float)#1}>(at::TensorIteratorBase&, at::native::direct_copy_kernel_cuda(at::TensorIteratorBase&)::{lambda()#3}::operator()() const::{lambda()#7}::operator()() const::{lambda(float)#1} const&)::{lambda(int)#1}>(int, at::native::gpu_kernel_impl_nocast<at::native::direct_copy_kernel_cuda(at::TensorIteratorBase&)::{lambda()#3}::operator()() const::{lambda()#7}::operator()() const::{lambda(float)#1}>(at::TensorIteratorBase&, at::native::direct_copy_kernel_cuda(at::TensorIteratorBase&)::{lambda()#3}::operator()() const::{lambda()#7}::operator()() const::{lambda(float)#1} const&)::{lambda(int)#1})",copy/cast,copy_cast,01. copy_cast :: copy/cast,0.001824000000000069
/home/yangshen/.cache/huggingface/hub/models--tencent--HunyuanImage-3.0-Instruct/snapshots/2ec2c78bee7d4b94157341fba86c4c2c7b1858b2,15,0,1,4096,4096,3072,1,4096,1.1077728271484375,1.0840190000000003,0.6556089999999999,0.34726000000000024,308.35298061062815,279.15258231059977,2,"void at::native::elementwise_kernel<128, 4, at::native::gpu_kernel_impl<at::native::direct_copy_kernel_cuda(at::TensorIteratorBase&)::{lambda()#3}::operator()() const::{lambda()#3}::operator()() const::{lambda(int)#1}>(at::TensorIteratorBase&, at::native::direct_copy_kernel_cuda(at::TensorIteratorBase&)::{lambda()#3}::operator()() const::{lambda()#3}::operator()() const::{lambda(int)#1} const&)::{lambda(int)#1}>(int, at::native::gpu_kernel_impl<at::native::direct_copy_kernel_cuda(at::TensorIteratorBase&)::{lambda()#3}::operator()() const::{lambda()#3}::operator()() const::{lambda(int)#1}>(at::TensorIteratorBase&, at::native::direct_copy_kernel_cuda(at::TensorIteratorBase&)::{lambda()#3}::operator()() const::{lambda()#3}::operator()() const::{lambda(int)#1} const&)::{lambda(int)#1})",copy/cast,copy_cast,02. copy_cast :: copy/cast,0.0025909999999998946
/home/yangshen/.cache/huggingface/hub/models--tencent--HunyuanImage-3.0-Instruct/snapshots/2ec2c78bee7d4b94157341fba86c4c2c7b1858b2,15,0,1,4096,4096,3072,1,4096,1.1077728271484375,1.0840190000000003,0.6556089999999999,0.34726000000000024,308.35298061062815,279.15258231059977,3,"void vllm::moe::moe_align_block_size_kernel<int>(int const*, int*, int*, int*, int*, int, int, int, int, unsigned long, int*, int, int, bool)",moe_align_block_size_kernel,expert_map_build,03. expert_map_build :: moe_align_block_size_kernel,0.004416000000000167
/home/yangshen/.cache/huggingface/hub/models--tencent--HunyuanImage-3.0-Instruct/snapshots/2ec2c78bee7d4b94157341fba86c4c2c7b1858b2,15,0,1,4096,4096,3072,1,4096,1.1077728271484375,1.0840190000000003,0.6556089999999999,0.34726000000000024,308.35298061062815,279.15258231059977,4,"void vllm::moe::count_and_sort_expert_tokens_kernel<int>(int const*, int*, int*, int*, unsigned long, int, int, int, bool)",count_and_sort_expert_tokens_kernel,expert_map_build,04. expert_map_build :: count_and_sort_expert_tokens_kernel,0.0036159999999999855
/home/yangshen/.cache/huggingface/hub/models--tencent--HunyuanImage-3.0-Instruct/snapshots/2ec2c78bee7d4b94157341fba86c4c2c7b1858b2,15,0,1,4096,4096,3072,1,4096,1.1077728271484375,1.0840190000000003,0.6556089999999999,0.34726000000000024,308.35298061062815,279.15258231059977,5,fused_moe_kernel,triton::fused_moe_kernel<GEMM1_gate_up_activation>,gemm1_gate_up_activation,05. gemm1_gate_up_activation :: triton::fused_moe_kernel<GEMM1_gate_up_activation>,0.6556089999999999
/home/yangshen/.cache/huggingface/hub/models--tencent--HunyuanImage-3.0-Instruct/snapshots/2ec2c78bee7d4b94157341fba86c4c2c7b1858b2,15,0,1,4096,4096,3072,1,4096,1.1077728271484375,1.0840190000000003,0.6556089999999999,0.34726000000000024,308.35298061062815,279.15258231059977,6,"void vllm::act_and_mul_kernel<c10::BFloat16, __nv_bfloat162, &(c10::BFloat16 vllm::silu_kernel<c10::BFloat16>(c10::BFloat16 const&)), &(__nv_bfloat162 vllm::packed_silu_kernel<__nv_bfloat162>(__nv_bfloat162 const&)), true, true, false, true>(c10::BFloat16*, c10::BFloat16 const*, int, float)",act_and_mul_kernel,activation,06. activation :: act_and_mul_kernel,0.014688000000000102
/home/yangshen/.cache/huggingface/hub/models--tencent--HunyuanImage-3.0-Instruct/snapshots/2ec2c78bee7d4b94157341fba86c4c2c7b1858b2,15,0,1,4096,4096,3072,1,4096,1.1077728271484375,1.0840190000000003,0.6556089999999999,0.34726000000000024,308.35298061062815,279.15258231059977,7,fused_moe_kernel,triton::fused_moe_kernel<GEMM2_down>,gemm2_down,07. gemm2_down :: triton::fused_moe_kernel<GEMM2_down>,0.34726000000000024
/home/yangshen/.cache/huggingface/hub/models--tencent--HunyuanImage-3.0-Instruct/snapshots/2ec2c78bee7d4b94157341fba86c4c2c7b1858b2,15,0,1,4096,4096,3072,1,4096,1.1077728271484375,1.0840190000000003,0.6556089999999999,0.34726000000000024,308.35298061062815,279.15258231059977,8,"void at::native::reduce_kernel<128, 4, at::native::ReduceOp<c10::BFloat16, at::native::func_wrapper_t<c10::BFloat16, at::native::sum_functor<c10::BFloat16, float, c10::BFloat16>::operator()(at::TensorIterator&)::{lambda(float, float)#1}>, unsigned int, c10::BFloat16, 4, 8> >(at::native::ReduceOp<c10::BFloat16, at::native::func_wrapper_t<c10::BFloat16, at::native::sum_functor<c10::BFloat16, float, c10::BFloat16>::operator()(at::TensorIterator&)::{lambda(float, float)#1}>, unsigned int, c10::BFloat16, 4, 8>)","void at::native::reduce_kernel<128, 4, at::native::ReduceOp<c10::BFloat16, at::native::func_wrapper_t<c10::BFloat16, at::native::sum_functor<c10::BFloat16, float, c10::BFloat16>::o",other,"08. other :: void at::native::reduce_kernel<128, 4, at::native::ReduceOp<c10::BFloat16, at::native::func_wrapper_t<c10::BFloat16, at::native::sum_functor<c10::BFloat16, float, c10::BFloat16>::o",0.04233500000000004
/home/yangshen/.cache/huggingface/hub/models--tencent--HunyuanImage-3.0-Instruct/snapshots/2ec2c78bee7d4b94157341fba86c4c2c7b1858b2,15,0,1,4096,4096,3072,1,4096,1.1077728271484375,1.0840190000000003,0.6556089999999999,0.34726000000000024,308.35298061062815,279.15258231059977,9,Memcpy DtoD (Device -> Device),Memcpy DtoD,memcpy,09. memcpy :: Memcpy DtoD,0.011679999999999836
/home/yangshen/.cache/huggingface/hub/models--tencent--HunyuanImage-3.0-Instruct/snapshots/2ec2c78bee7d4b94157341fba86c4c2c7b1858b2,15,0,1,8192,4096,3072,1,8192,2.082057571411133,2.0455860000000006,1.2223920000000004,0.6259160000000001,334.6170068105531,297.050042763622,1,"void at::native::elementwise_kernel<128, 2, at::native::gpu_kernel_impl_nocast<at::native::direct_copy_kernel_cuda(at::TensorIteratorBase&)::{lambda()#3}::operator()() const::{lambda()#7}::operator()() const::{lambda(float)#1}>(at::TensorIteratorBase&, at::native::direct_copy_kernel_cuda(at::TensorIteratorBase&)::{lambda()#3}::operator()() const::{lambda()#7}::operator()() const::{lambda(float)#1} const&)::{lambda(int)#1}>(int, at::native::gpu_kernel_impl_nocast<at::native::direct_copy_kernel_cuda(at::TensorIteratorBase&)::{lambda()#3}::operator()() const::{lambda()#7}::operator()() const::{lambda(float)#1}>(at::TensorIteratorBase&, at::native::direct_copy_kernel_cuda(at::TensorIteratorBase&)::{lambda()#3}::operator()() const::{lambda()#7}::operator()() const::{lambda(float)#1} const&)::{lambda(int)#1})",copy/cast,copy_cast,01. copy_cast :: copy/cast,0.0018559999999999946
/home/yangshen/.cache/huggingface/hub/models--tencent--HunyuanImage-3.0-Instruct/snapshots/2ec2c78bee7d4b94157341fba86c4c2c7b1858b2,15,0,1,8192,4096,3072,1,8192,2.082057571411133,2.0455860000000006,1.2223920000000004,0.6259160000000001,334.6170068105531,297.050042763622,2,"void at::native::elementwise_kernel<128, 4, at::native::gpu_kernel_impl<at::native::direct_copy_kernel_cuda(at::TensorIteratorBase&)::{lambda()#3}::operator()() const::{lambda()#3}::operator()() const::{lambda(int)#1}>(at::TensorIteratorBase&, at::native::direct_copy_kernel_cuda(at::TensorIteratorBase&)::{lambda()#3}::operator()() const::{lambda()#3}::operator()() const::{lambda(int)#1} const&)::{lambda(int)#1}>(int, at::native::gpu_kernel_impl<at::native::direct_copy_kernel_cuda(at::TensorIteratorBase&)::{lambda()#3}::operator()() const::{lambda()#3}::operator()() const::{lambda(int)#1}>(at::TensorIteratorBase&, at::native::direct_copy_kernel_cuda(at::TensorIteratorBase&)::{lambda()#3}::operator()() const::{lambda()#3}::operator()() const::{lambda(int)#1} const&)::{lambda(int)#1})",copy/cast,copy_cast,02. copy_cast :: copy/cast,0.0025599999999999456
/home/yangshen/.cache/huggingface/hub/models--tencent--HunyuanImage-3.0-Instruct/snapshots/2ec2c78bee7d4b94157341fba86c4c2c7b1858b2,15,0,1,8192,4096,3072,1,8192,2.082057571411133,2.0455860000000006,1.2223920000000004,0.6259160000000001,334.6170068105531,297.050042763622,3,"void vllm::moe::moe_align_block_size_kernel<int>(int const*, int*, int*, int*, int*, int, int, int, int, unsigned long, int*, int, int, bool)",moe_align_block_size_kernel,expert_map_build,03. expert_map_build :: moe_align_block_size_kernel,0.00569600000000014
/home/yangshen/.cache/huggingface/hub/models--tencent--HunyuanImage-3.0-Instruct/snapshots/2ec2c78bee7d4b94157341fba86c4c2c7b1858b2,15,0,1,8192,4096,3072,1,8192,2.082057571411133,2.0455860000000006,1.2223920000000004,0.6259160000000001,334.6170068105531,297.050042763622,4,"void vllm::moe::count_and_sort_expert_tokens_kernel<int>(int const*, int*, int*, int*, unsigned long, int, int, int, bool)",count_and_sort_expert_tokens_kernel,expert_map_build,04. expert_map_build :: count_and_sort_expert_tokens_kernel,0.005920000000000073
/home/yangshen/.cache/huggingface/hub/models--tencent--HunyuanImage-3.0-Instruct/snapshots/2ec2c78bee7d4b94157341fba86c4c2c7b1858b2,15,0,1,8192,4096,3072,1,8192,2.082057571411133,2.0455860000000006,1.2223920000000004,0.6259160000000001,334.6170068105531,297.050042763622,5,fused_moe_kernel,triton::fused_moe_kernel<GEMM1_gate_up_activation>,gemm1_gate_up_activation,05. gemm1_gate_up_activation :: triton::fused_moe_kernel<GEMM1_gate_up_activation>,1.2223920000000004
/home/yangshen/.cache/huggingface/hub/models--tencent--HunyuanImage-3.0-Instruct/snapshots/2ec2c78bee7d4b94157341fba86c4c2c7b1858b2,15,0,1,8192,4096,3072,1,8192,2.082057571411133,2.0455860000000006,1.2223920000000004,0.6259160000000001,334.6170068105531,297.050042763622,6,"void vllm::act_and_mul_kernel<c10::BFloat16, __nv_bfloat162, &(c10::BFloat16 vllm::silu_kernel<c10::BFloat16>(c10::BFloat16 const&)), &(__nv_bfloat162 vllm::packed_silu_kernel<__nv_bfloat162>(__nv_bfloat162 const&)), true, true, false, true>(c10::BFloat16*, c10::BFloat16 const*, int, float)",act_and_mul_kernel,activation,06. activation :: act_and_mul_kernel,0.062302999999999886
/home/yangshen/.cache/huggingface/hub/models--tencent--HunyuanImage-3.0-Instruct/snapshots/2ec2c78bee7d4b94157341fba86c4c2c7b1858b2,15,0,1,8192,4096,3072,1,8192,2.082057571411133,2.0455860000000006,1.2223920000000004,0.6259160000000001,334.6170068105531,297.050042763622,7,fused_moe_kernel,triton::fused_moe_kernel<GEMM2_down>,gemm2_down,07. gemm2_down :: triton::fused_moe_kernel<GEMM2_down>,0.6259160000000001
/home/yangshen/.cache/huggingface/hub/models--tencent--HunyuanImage-3.0-Instruct/snapshots/2ec2c78bee7d4b94157341fba86c4c2c7b1858b2,15,0,1,8192,4096,3072,1,8192,2.082057571411133,2.0455860000000006,1.2223920000000004,0.6259160000000001,334.6170068105531,297.050042763622,8,"void at::native::reduce_kernel<128, 4, at::native::ReduceOp<c10::BFloat16, at::native::func_wrapper_t<c10::BFloat16, at::native::sum_functor<c10::BFloat16, float, c10::BFloat16>::operator()(at::TensorIterator&)::{lambda(float, float)#1}>, unsigned int, c10::BFloat16, 4, 8> >(at::native::ReduceOp<c10::BFloat16, at::native::func_wrapper_t<c10::BFloat16, at::native::sum_functor<c10::BFloat16, float, c10::BFloat16>::operator()(at::TensorIterator&)::{lambda(float, float)#1}>, unsigned int, c10::BFloat16, 4, 8>)","void at::native::reduce_kernel<128, 4, at::native::ReduceOp<c10::BFloat16, at::native::func_wrapper_t<c10::BFloat16, at::native::sum_functor<c10::BFloat16, float, c10::BFloat16>::o",other,"08. other :: void at::native::reduce_kernel<128, 4, at::native::ReduceOp<c10::BFloat16, at::native::func_wrapper_t<c10::BFloat16, at::native::sum_functor<c10::BFloat16, float, c10::BFloat16>::o",0.08591900000000033
/home/yangshen/.cache/huggingface/hub/models--tencent--HunyuanImage-3.0-Instruct/snapshots/2ec2c78bee7d4b94157341fba86c4c2c7b1858b2,15,0,1,8192,4096,3072,1,8192,2.082057571411133,2.0455860000000006,1.2223920000000004,0.6259160000000001,334.6170068105531,297.050042763622,9,Memcpy DtoD (Device -> Device),Memcpy DtoD,memcpy,09. memcpy :: Memcpy DtoD,0.03302399999999989
/home/yangshen/.cache/huggingface/hub/models--tencent--HunyuanImage-3.0-Instruct/snapshots/2ec2c78bee7d4b94157341fba86c4c2c7b1858b2,15,0,1,16384,4096,3072,1,16384,4.153696060180664,3.969741,2.249847,1.17561,361.1052718653307,297.79515961844334,1,"void at::native::elementwise_kernel<128, 2, at::native::gpu_kernel_impl_nocast<at::native::direct_copy_kernel_cuda(at::TensorIteratorBase&)::{lambda()#3}::operator()() const::{lambda()#7}::operator()() const::{lambda(float)#1}>(at::TensorIteratorBase&, at::native::direct_copy_kernel_cuda(at::TensorIteratorBase&)::{lambda()#3}::operator()() const::{lambda()#7}::operator()() const::{lambda(float)#1} const&)::{lambda(int)#1}>(int, at::native::gpu_kernel_impl_nocast<at::native::direct_copy_kernel_cuda(at::TensorIteratorBase&)::{lambda()#3}::operator()() const::{lambda()#7}::operator()() const::{lambda(float)#1}>(at::TensorIteratorBase&, at::native::direct_copy_kernel_cuda(at::TensorIteratorBase&)::{lambda()#3}::operator()() const::{lambda()#7}::operator()() const::{lambda(float)#1} const&)::{lambda(int)#1})",copy/cast,copy_cast,01. copy_cast :: copy/cast,0.0021760000000000447
/home/yangshen/.cache/huggingface/hub/models--tencent--HunyuanImage-3.0-Instruct/snapshots/2ec2c78bee7d4b94157341fba86c4c2c7b1858b2,15,0,1,16384,4096,3072,1,16384,4.153696060180664,3.969741,2.249847,1.17561,361.1052718653307,297.79515961844334,2,"void at::native::elementwise_kernel<128, 4, at::native::gpu_kernel_impl<at::native::direct_copy_kernel_cuda(at::TensorIteratorBase&)::{lambda()#3}::operator()() const::{lambda()#3}::operator()() const::{lambda(int)#1}>(at::TensorIteratorBase&, at::native::direct_copy_kernel_cuda(at::TensorIteratorBase&)::{lambda()#3}::operator()() const::{lambda()#3}::operator()() const::{lambda(int)#1} const&)::{lambda(int)#1}>(int, at::native::gpu_kernel_impl<at::native::direct_copy_kernel_cuda(at::TensorIteratorBase&)::{lambda()#3}::operator()() const::{lambda()#3}::operator()() const::{lambda(int)#1}>(at::TensorIteratorBase&, at::native::direct_copy_kernel_cuda(at::TensorIteratorBase&)::{lambda()#3}::operator()() const::{lambda()#3}::operator()() const::{lambda(int)#1} const&)::{lambda(int)#1})",copy/cast,copy_cast,02. copy_cast :: copy/cast,0.002495999999999981
/home/yangshen/.cache/huggingface/hub/models--tencent--HunyuanImage-3.0-Instruct/snapshots/2ec2c78bee7d4b94157341fba86c4c2c7b1858b2,15,0,1,16384,4096,3072,1,16384,4.153696060180664,3.969741,2.249847,1.17561,361.1052718653307,297.79515961844334,3,"void vllm::moe::moe_align_block_size_kernel<int>(int const*, int*, int*, int*, int*, int, int, int, int, unsigned long, int*, int, int, bool)",moe_align_block_size_kernel,expert_map_build,03. expert_map_build :: moe_align_block_size_kernel,0.008254999999999882
/home/yangshen/.cache/huggingface/hub/models--tencent--HunyuanImage-3.0-Instruct/snapshots/2ec2c78bee7d4b94157341fba86c4c2c7b1858b2,15,0,1,16384,4096,3072,1,16384,4.153696060180664,3.969741,2.249847,1.17561,361.1052718653307,297.79515961844334,4,"void vllm::moe::count_and_sort_expert_tokens_kernel<int>(int const*, int*, int*, int*, unsigned long, int, int, int, bool)",count_and_sort_expert_tokens_kernel,expert_map_build,04. expert_map_build :: count_and_sort_expert_tokens_kernel,0.010143000000000029
/home/yangshen/.cache/huggingface/hub/models--tencent--HunyuanImage-3.0-Instruct/snapshots/2ec2c78bee7d4b94157341fba86c4c2c7b1858b2,15,0,1,16384,4096,3072,1,16384,4.153696060180664,3.969741,2.249847,1.17561,361.1052718653307,297.79515961844334,5,fused_moe_kernel,triton::fused_moe_kernel<GEMM1_gate_up_activation>,gemm1_gate_up_activation,05. gemm1_gate_up_activation :: triton::fused_moe_kernel<GEMM1_gate_up_activation>,2.249847
/home/yangshen/.cache/huggingface/hub/models--tencent--HunyuanImage-3.0-Instruct/snapshots/2ec2c78bee7d4b94157341fba86c4c2c7b1858b2,15,0,1,16384,4096,3072,1,16384,4.153696060180664,3.969741,2.249847,1.17561,361.1052718653307,297.79515961844334,6,"void vllm::act_and_mul_kernel<c10::BFloat16, __nv_bfloat162, &(c10::BFloat16 vllm::silu_kernel<c10::BFloat16>(c10::BFloat16 const&)), &(__nv_bfloat162 vllm::packed_silu_kernel<__nv_bfloat162>(__nv_bfloat162 const&)), true, true, false, true>(c10::BFloat16*, c10::BFloat16 const*, int, float)",act_and_mul_kernel,activation,06. activation :: act_and_mul_kernel,0.17584000000000014
/home/yangshen/.cache/huggingface/hub/models--tencent--HunyuanImage-3.0-Instruct/snapshots/2ec2c78bee7d4b94157341fba86c4c2c7b1858b2,15,0,1,16384,4096,3072,1,16384,4.153696060180664,3.969741,2.249847,1.17561,361.1052718653307,297.79515961844334,7,fused_moe_kernel,triton::fused_moe_kernel<GEMM2_down>,gemm2_down,07. gemm2_down :: triton::fused_moe_kernel<GEMM2_down>,1.17561
/home/yangshen/.cache/huggingface/hub/models--tencent--HunyuanImage-3.0-Instruct/snapshots/2ec2c78bee7d4b94157341fba86c4c2c7b1858b2,15,0,1,16384,4096,3072,1,16384,4.153696060180664,3.969741,2.249847,1.17561,361.1052718653307,297.79515961844334,8,"void at::native::reduce_kernel<128, 4, at::native::ReduceOp<c10::BFloat16, at::native::func_wrapper_t<c10::BFloat16, at::native::sum_functor<c10::BFloat16, float, c10::BFloat16>::operator()(at::TensorIterator&)::{lambda(float, float)#1}>, unsigned int, c10::BFloat16, 4, 8> >(at::native::ReduceOp<c10::BFloat16, at::native::func_wrapper_t<c10::BFloat16, at::native::sum_functor<c10::BFloat16, float, c10::BFloat16>::operator()(at::TensorIterator&)::{lambda(float, float)#1}>, unsigned int, c10::BFloat16, 4, 8>)","void at::native::reduce_kernel<128, 4, at::native::ReduceOp<c10::BFloat16, at::native::func_wrapper_t<c10::BFloat16, at::native::sum_functor<c10::BFloat16, float, c10::BFloat16>::o",other,"08. other :: void at::native::reduce_kernel<128, 4, at::native::ReduceOp<c10::BFloat16, at::native::func_wrapper_t<c10::BFloat16, at::native::sum_functor<c10::BFloat16, float, c10::BFloat16>::o",0.18195100000000003
/home/yangshen/.cache/huggingface/hub/models--tencent--HunyuanImage-3.0-Instruct/snapshots/2ec2c78bee7d4b94157341fba86c4c2c7b1858b2,15,0,1,16384,4096,3072,1,16384,4.153696060180664,3.969741,2.249847,1.17561,361.1052718653307,297.79515961844334,9,Memcpy DtoD (Device -> Device),Memcpy DtoD,memcpy,09. memcpy :: Memcpy DtoD,0.16342299999999976
/home/yangshen/.cache/huggingface/hub/models--tencent--HunyuanImage-3.0-Instruct/snapshots/2ec2c78bee7d4b94157341fba86c4c2c7b1858b2,15,0,1,32768,4096,3072,1,32768,8.053749084472656,8.099445000000001,4.571528,2.3830590000000003,355.7222251294002,307.1738561194554,1,"void at::native::elementwise_kernel<128, 2, at::native::gpu_kernel_impl_nocast<at::native::direct_copy_kernel_cuda(at::TensorIteratorBase&)::{lambda()#3}::operator()() const::{lambda()#7}::operator()() const::{lambda(float)#1}>(at::TensorIteratorBase&, at::native::direct_copy_kernel_cuda(at::TensorIteratorBase&)::{lambda()#3}::operator()() const::{lambda()#7}::operator()() const::{lambda(float)#1} const&)::{lambda(int)#1}>(int, at::native::gpu_kernel_impl_nocast<at::native::direct_copy_kernel_cuda(at::TensorIteratorBase&)::{lambda()#3}::operator()() const::{lambda()#7}::operator()() const::{lambda(float)#1}>(at::TensorIteratorBase&, at::native::direct_copy_kernel_cuda(at::TensorIteratorBase&)::{lambda()#3}::operator()() const::{lambda()#7}::operator()() const::{lambda(float)#1} const&)::{lambda(int)#1})",copy/cast,copy_cast,01. copy_cast :: copy/cast,0.0022080000000000836
/home/yangshen/.cache/huggingface/hub/models--tencent--HunyuanImage-3.0-Instruct/snapshots/2ec2c78bee7d4b94157341fba86c4c2c7b1858b2,15,0,1,32768,4096,3072,1,32768,8.053749084472656,8.099445000000001,4.571528,2.3830590000000003,355.7222251294002,307.1738561194554,2,"void at::native::elementwise_kernel<128, 4, at::native::gpu_kernel_impl<at::native::direct_copy_kernel_cuda(at::TensorIteratorBase&)::{lambda()#3}::operator()() const::{lambda()#3}::operator()() const::{lambda(int)#1}>(at::TensorIteratorBase&, at::native::direct_copy_kernel_cuda(at::TensorIteratorBase&)::{lambda()#3}::operator()() const::{lambda()#3}::operator()() const::{lambda(int)#1} const&)::{lambda(int)#1}>(int, at::native::gpu_kernel_impl<at::native::direct_copy_kernel_cuda(at::TensorIteratorBase&)::{lambda()#3}::operator()() const::{lambda()#3}::operator()() const::{lambda(int)#1}>(at::TensorIteratorBase&, at::native::direct_copy_kernel_cuda(at::TensorIteratorBase&)::{lambda()#3}::operator()() const::{lambda()#3}::operator()() const::{lambda(int)#1} const&)::{lambda(int)#1})",copy/cast,copy_cast,02. copy_cast :: copy/cast,0.00252800000000002
/home/yangshen/.cache/huggingface/hub/models--tencent--HunyuanImage-3.0-Instruct/snapshots/2ec2c78bee7d4b94157341fba86c4c2c7b1858b2,15,0,1,32768,4096,3072,1,32768,8.053749084472656,8.099445000000001,4.571528,2.3830590000000003,355.7222251294002,307.1738561194554,3,"void vllm::moe::moe_align_block_size_kernel<int>(int const*, int*, int*, int*, int*, int, int, int, int, unsigned long, int*, int, int, bool)",moe_align_block_size_kernel,expert_map_build,03. expert_map_build :: moe_align_block_size_kernel,0.013920000000000073
/home/yangshen/.cache/huggingface/hub/models--tencent--HunyuanImage-3.0-Instruct/snapshots/2ec2c78bee7d4b94157341fba86c4c2c7b1858b2,15,0,1,32768,4096,3072,1,32768,8.053749084472656,8.099445000000001,4.571528,2.3830590000000003,355.7222251294002,307.1738561194554,4,"void vllm::moe::count_and_sort_expert_tokens_kernel<int>(int const*, int*, int*, int*, unsigned long, int, int, int, bool)",count_and_sort_expert_tokens_kernel,expert_map_build,04. expert_map_build :: count_and_sort_expert_tokens_kernel,0.020544000000000097
/home/yangshen/.cache/huggingface/hub/models--tencent--HunyuanImage-3.0-Instruct/snapshots/2ec2c78bee7d4b94157341fba86c4c2c7b1858b2,15,0,1,32768,4096,3072,1,32768,8.053749084472656,8.099445000000001,4.571528,2.3830590000000003,355.7222251294002,307.1738561194554,5,fused_moe_kernel,triton::fused_moe_kernel<GEMM1_gate_up_activation>,gemm1_gate_up_activation,05. gemm1_gate_up_activation :: triton::fused_moe_kernel<GEMM1_gate_up_activation>,4.571528
/home/yangshen/.cache/huggingface/hub/models--tencent--HunyuanImage-3.0-Instruct/snapshots/2ec2c78bee7d4b94157341fba86c4c2c7b1858b2,15,0,1,32768,4096,3072,1,32768,8.053749084472656,8.099445000000001,4.571528,2.3830590000000003,355.7222251294002,307.1738561194554,6,"void vllm::act_and_mul_kernel<c10::BFloat16, __nv_bfloat162, &(c10::BFloat16 vllm::silu_kernel<c10::BFloat16>(c10::BFloat16 const&)), &(__nv_bfloat162 vllm::packed_silu_kernel<__nv_bfloat162>(__nv_bfloat162 const&)), true, true, false, true>(c10::BFloat16*, c10::BFloat16 const*, int, float)",act_and_mul_kernel,activation,06. activation :: act_and_mul_kernel,0.38627000000000045
/home/yangshen/.cache/huggingface/hub/models--tencent--HunyuanImage-3.0-Instruct/snapshots/2ec2c78bee7d4b94157341fba86c4c2c7b1858b2,15,0,1,32768,4096,3072,1,32768,8.053749084472656,8.099445000000001,4.571528,2.3830590000000003,355.7222251294002,307.1738561194554,7,fused_moe_kernel,triton::fused_moe_kernel<GEMM2_down>,gemm2_down,07. gemm2_down :: triton::fused_moe_kernel<GEMM2_down>,2.3830590000000003
/home/yangshen/.cache/huggingface/hub/models--tencent--HunyuanImage-3.0-Instruct/snapshots/2ec2c78bee7d4b94157341fba86c4c2c7b1858b2,15,0,1,32768,4096,3072,1,32768,8.053749084472656,8.099445000000001,4.571528,2.3830590000000003,355.7222251294002,307.1738561194554,8,"void at::native::reduce_kernel<128, 4, at::native::ReduceOp<c10::BFloat16, at::native::func_wrapper_t<c10::BFloat16, at::native::sum_functor<c10::BFloat16, float, c10::BFloat16>::operator()(at::TensorIterator&)::{lambda(float, float)#1}>, unsigned int, c10::BFloat16, 4, 8> >(at::native::ReduceOp<c10::BFloat16, at::native::func_wrapper_t<c10::BFloat16, at::native::sum_functor<c10::BFloat16, float, c10::BFloat16>::operator()(at::TensorIterator&)::{lambda(float, float)#1}>, unsigned int, c10::BFloat16, 4, 8>)","void at::native::reduce_kernel<128, 4, at::native::ReduceOp<c10::BFloat16, at::native::func_wrapper_t<c10::BFloat16, at::native::sum_functor<c10::BFloat16, float, c10::BFloat16>::o",other,"08. other :: void at::native::reduce_kernel<128, 4, at::native::ReduceOp<c10::BFloat16, at::native::func_wrapper_t<c10::BFloat16, at::native::sum_functor<c10::BFloat16, float, c10::BFloat16>::o",0.37484599999999957
/home/yangshen/.cache/huggingface/hub/models--tencent--HunyuanImage-3.0-Instruct/snapshots/2ec2c78bee7d4b94157341fba86c4c2c7b1858b2,15,0,1,32768,4096,3072,1,32768,8.053749084472656,8.099445000000001,4.571528,2.3830590000000003,355.7222251294002,307.1738561194554,9,Memcpy DtoD (Device -> Device),Memcpy DtoD,memcpy,09. memcpy :: Memcpy DtoD,0.3445420000000013
/home/yangshen/.cache/huggingface/hub/models--tencent--HunyuanImage-3.0-Instruct/snapshots/2ec2c78bee7d4b94157341fba86c4c2c7b1858b2,15,0,1,65536,4096,3072,1,65536,16.100921630859375,16.10103,9.006322,4.752377,359.6126585073196,307.2993235063597,1,"void at::native::elementwise_kernel<128, 2, at::native::gpu_kernel_impl_nocast<at::native::direct_copy_kernel_cuda(at::TensorIteratorBase&)::{lambda()#3}::operator()() const::{lambda()#7}::operator()() const::{lambda(float)#1}>(at::TensorIteratorBase&, at::native::direct_copy_kernel_cuda(at::TensorIteratorBase&)::{lambda()#3}::operator()() const::{lambda()#7}::operator()() const::{lambda(float)#1} const&)::{lambda(int)#1}>(int, at::native::gpu_kernel_impl_nocast<at::native::direct_copy_kernel_cuda(at::TensorIteratorBase&)::{lambda()#3}::operator()() const::{lambda()#7}::operator()() const::{lambda(float)#1}>(at::TensorIteratorBase&, at::native::direct_copy_kernel_cuda(at::TensorIteratorBase&)::{lambda()#3}::operator()() const::{lambda()#7}::operator()() const::{lambda(float)#1} const&)::{lambda(int)#1})",copy/cast,copy_cast,01. copy_cast :: copy/cast,0.0023039999999999736
/home/yangshen/.cache/huggingface/hub/models--tencent--HunyuanImage-3.0-Instruct/snapshots/2ec2c78bee7d4b94157341fba86c4c2c7b1858b2,15,0,1,65536,4096,3072,1,65536,16.100921630859375,16.10103,9.006322,4.752377,359.6126585073196,307.2993235063597,2,"void at::native::elementwise_kernel<128, 4, at::native::gpu_kernel_impl<at::native::direct_copy_kernel_cuda(at::TensorIteratorBase&)::{lambda()#3}::operator()() const::{lambda()#3}::operator()() const::{lambda(int)#1}>(at::TensorIteratorBase&, at::native::direct_copy_kernel_cuda(at::TensorIteratorBase&)::{lambda()#3}::operator()() const::{lambda()#3}::operator()() const::{lambda(int)#1} const&)::{lambda(int)#1}>(int, at::native::gpu_kernel_impl<at::native::direct_copy_kernel_cuda(at::TensorIteratorBase&)::{lambda()#3}::operator()() const::{lambda()#3}::operator()() const::{lambda(int)#1}>(at::TensorIteratorBase&, at::native::direct_copy_kernel_cuda(at::TensorIteratorBase&)::{lambda()#3}::operator()() const::{lambda()#3}::operator()() const::{lambda(int)#1} const&)::{lambda(int)#1})",copy/cast,copy_cast,02. copy_cast :: copy/cast,0.00252800000000002
/home/yangshen/.cache/huggingface/hub/models--tencent--HunyuanImage-3.0-Instruct/snapshots/2ec2c78bee7d4b94157341fba86c4c2c7b1858b2,15,0,1,65536,4096,3072,1,65536,16.100921630859375,16.10103,9.006322,4.752377,359.6126585073196,307.2993235063597,3,"void vllm::moe::moe_align_block_size_kernel<int>(int const*, int*, int*, int*, int*, int, int, int, int, unsigned long, int*, int, int, bool)",moe_align_block_size_kernel,expert_map_build,03. expert_map_build :: moe_align_block_size_kernel,0.024864000000000032
/home/yangshen/.cache/huggingface/hub/models--tencent--HunyuanImage-3.0-Instruct/snapshots/2ec2c78bee7d4b94157341fba86c4c2c7b1858b2,15,0,1,65536,4096,3072,1,65536,16.100921630859375,16.10103,9.006322,4.752377,359.6126585073196,307.2993235063597,4,"void vllm::moe::count_and_sort_expert_tokens_kernel<int>(int const*, int*, int*, int*, unsigned long, int, int, int, bool)",count_and_sort_expert_tokens_kernel,expert_map_build,04. expert_map_build :: count_and_sort_expert_tokens_kernel,0.03744
/home/yangshen/.cache/huggingface/hub/models--tencent--HunyuanImage-3.0-Instruct/snapshots/2ec2c78bee7d4b94157341fba86c4c2c7b1858b2,15,0,1,65536,4096,3072,1,65536,16.100921630859375,16.10103,9.006322,4.752377,359.6126585073196,307.2993235063597,5,fused_moe_kernel,triton::fused_moe_kernel<GEMM1_gate_up_activation>,gemm1_gate_up_activation,05. gemm1_gate_up_activation :: triton::fused_moe_kernel<GEMM1_gate_up_activation>,9.006322
/home/yangshen/.cache/huggingface/hub/models--tencent--HunyuanImage-3.0-Instruct/snapshots/2ec2c78bee7d4b94157341fba86c4c2c7b1858b2,15,0,1,65536,4096,3072,1,65536,16.100921630859375,16.10103,9.006322,4.752377,359.6126585073196,307.2993235063597,6,"void vllm::act_and_mul_kernel<c10::BFloat16, __nv_bfloat162, &(c10::BFloat16 vllm::silu_kernel<c10::BFloat16>(c10::BFloat16 const&)), &(__nv_bfloat162 vllm::packed_silu_kernel<__nv_bfloat162>(__nv_bfloat162 const&)), true, true, false, true>(c10::BFloat16*, c10::BFloat16 const*, int, float)",act_and_mul_kernel,activation,06. activation :: act_and_mul_kernel,0.7971830000000009
/home/yangshen/.cache/huggingface/hub/models--tencent--HunyuanImage-3.0-Instruct/snapshots/2ec2c78bee7d4b94157341fba86c4c2c7b1858b2,15,0,1,65536,4096,3072,1,65536,16.100921630859375,16.10103,9.006322,4.752377,359.6126585073196,307.2993235063597,7,fused_moe_kernel,triton::fused_moe_kernel<GEMM2_down>,gemm2_down,07. gemm2_down :: triton::fused_moe_kernel<GEMM2_down>,4.752377
/home/yangshen/.cache/huggingface/hub/models--tencent--HunyuanImage-3.0-Instruct/snapshots/2ec2c78bee7d4b94157341fba86c4c2c7b1858b2,15,0,1,65536,4096,3072,1,65536,16.100921630859375,16.10103,9.006322,4.752377,359.6126585073196,307.2993235063597,8,"void at::native::reduce_kernel<128, 4, at::native::ReduceOp<c10::BFloat16, at::native::func_wrapper_t<c10::BFloat16, at::native::sum_functor<c10::BFloat16, float, c10::BFloat16>::operator()(at::TensorIterator&)::{lambda(float, float)#1}>, unsigned int, c10::BFloat16, 4, 8> >(at::native::ReduceOp<c10::BFloat16, at::native::func_wrapper_t<c10::BFloat16, at::native::sum_functor<c10::BFloat16, float, c10::BFloat16>::operator()(at::TensorIterator&)::{lambda(float, float)#1}>, unsigned int, c10::BFloat16, 4, 8>)","void at::native::reduce_kernel<128, 4, at::native::ReduceOp<c10::BFloat16, at::native::func_wrapper_t<c10::BFloat16, at::native::sum_functor<c10::BFloat16, float, c10::BFloat16>::o",other,"08. other :: void at::native::reduce_kernel<128, 4, at::native::ReduceOp<c10::BFloat16, at::native::func_wrapper_t<c10::BFloat16, at::native::sum_functor<c10::BFloat16, float, c10::BFloat16>::o",0.7596779999999999
/home/yangshen/.cache/huggingface/hub/models--tencent--HunyuanImage-3.0-Instruct/snapshots/2ec2c78bee7d4b94157341fba86c4c2c7b1858b2,15,0,1,65536,4096,3072,1,65536,16.100921630859375,16.10103,9.006322,4.752377,359.6126585073196,307.2993235063597,9,Memcpy DtoD (Device -> Device),Memcpy DtoD,memcpy,09. memcpy :: Memcpy DtoD,0.7183339999999989
