backend,status,tokens,component,error,returncode,model_path,layer_id,expert_id,top_k,hidden_size,intermediate_size,active_experts,rows_for_expert,cuda_event_topk1_moe_ms,profiler_kernel_sum_ms,gemm1_gate_up_activation_ms,gemm2_down_ms,gemm_total_tflops,end_to_end_tflops,order,raw_name,kernel,category,label,time_ms
auto,ok,16384,copy_cast,,0,/home/yangshen/.cache/huggingface/hub/models--tencent--HunyuanImage-3.0-Instruct/snapshots/2ec2c78bee7d4b94157341fba86c4c2c7b1858b2,15,0,1,4096,3072,1,16384,7.25550537109375,7.227235,4.441839,2.245495,184.96916428101244,170.4844139701233,1,"void at::native::elementwise_kernel<128, 2, at::native::gpu_kernel_impl_nocast<at::native::direct_copy_kernel_cuda(at::TensorIteratorBase&)::{lambda()#3}::operator()() const::{lambda()#7}::operator()() const::{lambda(float)#1}>(at::TensorIteratorBase&, at::native::direct_copy_kernel_cuda(at::TensorIteratorBase&)::{lambda()#3}::operator()() const::{lambda()#7}::operator()() const::{lambda(float)#1} const&)::{lambda(int)#1}>(int, at::native::gpu_kernel_impl_nocast<at::native::direct_copy_kernel_cuda(at::TensorIteratorBase&)::{lambda()#3}::operator()() const::{lambda()#7}::operator()() const::{lambda(float)#1}>(at::TensorIteratorBase&, at::native::direct_copy_kernel_cuda(at::TensorIteratorBase&)::{lambda()#3}::operator()() const::{lambda()#7}::operator()() const::{lambda(float)#1} const&)::{lambda(int)#1})",copy/cast,copy_cast,01. copy_cast :: copy/cast,0.002368000000000052
auto,ok,16384,copy_cast,,0,/home/yangshen/.cache/huggingface/hub/models--tencent--HunyuanImage-3.0-Instruct/snapshots/2ec2c78bee7d4b94157341fba86c4c2c7b1858b2,15,0,1,4096,3072,1,16384,7.25550537109375,7.227235,4.441839,2.245495,184.96916428101244,170.4844139701233,2,"void at::native::elementwise_kernel<128, 4, at::native::gpu_kernel_impl<at::native::direct_copy_kernel_cuda(at::TensorIteratorBase&)::{lambda()#3}::operator()() const::{lambda()#3}::operator()() const::{lambda(int)#1}>(at::TensorIteratorBase&, at::native::direct_copy_kernel_cuda(at::TensorIteratorBase&)::{lambda()#3}::operator()() const::{lambda()#3}::operator()() const::{lambda(int)#1} const&)::{lambda(int)#1}>(int, at::native::gpu_kernel_impl<at::native::direct_copy_kernel_cuda(at::TensorIteratorBase&)::{lambda()#3}::operator()() const::{lambda()#3}::operator()() const::{lambda(int)#1}>(at::TensorIteratorBase&, at::native::direct_copy_kernel_cuda(at::TensorIteratorBase&)::{lambda()#3}::operator()() const::{lambda()#3}::operator()() const::{lambda(int)#1} const&)::{lambda(int)#1})",copy/cast,copy_cast,02. copy_cast :: copy/cast,0.002655999999999949
auto,ok,16384,prefix_sum,,0,/home/yangshen/.cache/huggingface/hub/models--tencent--HunyuanImage-3.0-Instruct/snapshots/2ec2c78bee7d4b94157341fba86c4c2c7b1858b2,15,0,1,4096,3072,1,16384,7.25550537109375,7.227235,4.441839,2.245495,184.96916428101244,170.4844139701233,3,"void tensorrt_llm::kernels::cutlass_kernels::blockExpertPrefixSumKernel<1024>(int const*, int*, int*, long, long, int)",blockExpertPrefixSumKernel,prefix_sum,03. prefix_sum :: blockExpertPrefixSumKernel,0.006816000000000031
auto,ok,16384,prefix_sum,,0,/home/yangshen/.cache/huggingface/hub/models--tencent--HunyuanImage-3.0-Instruct/snapshots/2ec2c78bee7d4b94157341fba86c4c2c7b1858b2,15,0,1,4096,3072,1,16384,7.25550537109375,7.227235,4.441839,2.245495,184.96916428101244,170.4844139701233,4,"void tensorrt_llm::kernels::cutlass_kernels::globalExpertPrefixSumKernel<1024>(int const*, int*, long*, long, long)",globalExpertPrefixSumKernel,prefix_sum,04. prefix_sum :: globalExpertPrefixSumKernel,0.0016959999999999126
auto,ok,16384,prefix_sum,,0,/home/yangshen/.cache/huggingface/hub/models--tencent--HunyuanImage-3.0-Instruct/snapshots/2ec2c78bee7d4b94157341fba86c4c2c7b1858b2,15,0,1,4096,3072,1,16384,7.25550537109375,7.227235,4.441839,2.245495,184.96916428101244,170.4844139701233,5,"tensorrt_llm::kernels::cutlass_kernels::mergeExpertPrefixSumKernel(int const*, int const*, int const*, int*, int*, int*, int)",mergeExpertPrefixSumKernel,prefix_sum,05. prefix_sum :: mergeExpertPrefixSumKernel,0.004128000000000157
auto,ok,16384,dispatch_expand,,0,/home/yangshen/.cache/huggingface/hub/models--tencent--HunyuanImage-3.0-Instruct/snapshots/2ec2c78bee7d4b94157341fba86c4c2c7b1858b2,15,0,1,4096,3072,1,16384,7.25550537109375,7.227235,4.441839,2.245495,184.96916428101244,170.4844139701233,6,"void tensorrt_llm::kernels::cutlass_kernels::expandInputRowsKernel<__nv_bfloat16, __nv_bfloat16, (tensorrt_llm::kernels::cutlass_kernels::TmaWarpSpecializedGroupedGemmInput::FpXBlockScalingType)2, false>(__nv_bfloat16 const*, __nv_bfloat16*, float const*, float*, int const*, long, long, long, float const*, bool, long const*, unsigned char*, unsigned char const*, bool, long, __nv_bfloat16 const*)",expandInputRowsKernel,dispatch_expand,06. dispatch_expand :: expandInputRowsKernel,0.17903899999999998
auto,ok,16384,gemm1_gate_up_activation,,0,/home/yangshen/.cache/huggingface/hub/models--tencent--HunyuanImage-3.0-Instruct/snapshots/2ec2c78bee7d4b94157341fba86c4c2c7b1858b2,15,0,1,4096,3072,1,16384,7.25550537109375,7.227235,4.441839,2.245495,184.96916428101244,170.4844139701233,7,"void fused_moe::run_global<fused_moe::Fused_Moe_Kernel_sm80<cutlass::bfloat16_t, cutlass::bfloat16_t, cutlass::bfloat16_t, 32, 128, 64, 2, (fused_moe::Activation_Type)3> >(fused_moe::Fused_Moe_Kernel_sm80<cutlass::bfloat16_t, cutlass::bfloat16_t, cutlass::bfloat16_t, 32, 128, 64, 2, (fused_moe::Activation_Type)3>::Params)",fused_moe::run_global<GEMM1_gate_up_activation>,gemm1_gate_up_activation,07. gemm1_gate_up_activation :: fused_moe::run_global<GEMM1_gate_up_activation>,4.441839
auto,ok,16384,gemm2_down,,0,/home/yangshen/.cache/huggingface/hub/models--tencent--HunyuanImage-3.0-Instruct/snapshots/2ec2c78bee7d4b94157341fba86c4c2c7b1858b2,15,0,1,4096,3072,1,16384,7.25550537109375,7.227235,4.441839,2.245495,184.96916428101244,170.4844139701233,8,_ZN7cutlass6KernelINS_4gemm6kernel9MoeFCGemmINS1_11threadblock13MmaMultistageINS1_9GemmShapeILi32ELi128ELi64EEENS_9transform11threadblock28PredicatedTileAccessIteratorINS_11MatrixShapeILi32ELi64EEENS_10bfloat16_tENS_6layout8RowMajorELi1ENS8_29PitchLinearWarpRakedThreadMapINS_16PitchLinearShapeILi64ELi32EEELi128ENSH_ILi8ELi4EEELi8EEENS_5ArrayISD_Li8ELb0EEELb0ENSE_9NoPermuteEEENS9_25RegularTileAccessIteratorISC_SD_NSE_37RowMajorTensorOpMultiplicandCrosswiseILi16ELi64EEELi0ESK_Li16EEELNS_4arch14CacheOperation4KindE1ENSA_INSB_ILi64ELi128EEESD_NSE_11ColumnMajorELi0ENSG_INSH_ILi64ELi128EEELi128ESJ_Li8EEESM_Lb0ESN_EENSP_ISW_SD_NSE_40ColumnMajorTensorOpMultiplicandCrosswiseILi16ELi64EEELi1ESZ_Li16EEELSV_1EfSF_NS4_9MmaPolicyINS1_4warp11MmaTensorOpINS6_ILi32ELi32ELi64EEESD_SR_SD_S12_fSF_NS15_17MmaTensorOpPolicyINST_3MmaINS6_ILi16ELi8ELi16EEELi32ESD_SF_SD_SX_fSF_NST_13OpMultiplyAddEEENSB_ILi1ELi1EEEEELi1ELb0EbEENSB_ILi0ELi0EEES1G_Li1EEELi2ELNS1_23SharedMemoryClearOptionE0EbEENS_8epilogue11threadblock8EpilogueIS7_S1F_Li1ENS1L_22PredicatedTileIteratorINS1L_26OutputTileOptimalThreadMapINS1L_15OutputTileShapeILi128ELi8ELi1ELi1ELi1EEENS1P_ILi1ELi4ELi1ELi1ELi4EEELi128ELi8ELi16EEESD_Lb0ESN_Lb0EEENS1K_4warp24FragmentIteratorTensorOpIS17_S1A_fNSL_IfLi4ELb1EEESF_EENS1U_20TileIteratorTensorOpIS17_S1A_fSF_EENS1L_18SharedLoadIteratorINS1S_18CompactedThreadMapEfLi32EEENS1K_6thread17LinearCombinationISD_Li8EffLNS23_9ScaleType4KindE0ELNS_15FloatRoundStyleE2ESD_EENSB_ILi0ELi8EEELi1ELi1EEENS4_37GemmBatchedIdentityThreadblockSwizzleENST_4Sm80ELNS2_17GroupScheduleModeE0EEEEEvNT_6ParamsE,cutlass::Kernel<MoeFCGemm_GEMM2_down>,gemm2_down,08. gemm2_down :: cutlass::Kernel<MoeFCGemm_GEMM2_down>,2.245495
auto,ok,16384,finalize_combine,,0,/home/yangshen/.cache/huggingface/hub/models--tencent--HunyuanImage-3.0-Instruct/snapshots/2ec2c78bee7d4b94157341fba86c4c2c7b1858b2,15,0,1,4096,3072,1,16384,7.25550537109375,7.227235,4.441839,2.245495,184.96916428101244,170.4844139701233,9,"void tensorrt_llm::kernels::cutlass_kernels::finalizeMoeRoutingKernel<__nv_bfloat16, __nv_bfloat16, __nv_bfloat16, (tensorrt_llm::kernels::cutlass_kernels::ScaleMode)1>(__nv_bfloat16 const*, __nv_bfloat16*, __nv_bfloat16 const*, float const*, int const*, int const*, long, long, long, int, int)",finalizeMoeRoutingKernel,finalize_combine,09. finalize_combine :: finalizeMoeRoutingKernel,0.16345499999999993
auto,ok,16384,memcpy,,0,/home/yangshen/.cache/huggingface/hub/models--tencent--HunyuanImage-3.0-Instruct/snapshots/2ec2c78bee7d4b94157341fba86c4c2c7b1858b2,15,0,1,4096,3072,1,16384,7.25550537109375,7.227235,4.441839,2.245495,184.96916428101244,170.4844139701233,10,Memcpy DtoD (Device -> Device),Memcpy DtoD,memcpy,10. memcpy :: Memcpy DtoD,0.1797430000000004
auto,ok,32768,copy_cast,,0,/home/yangshen/.cache/huggingface/hub/models--tencent--HunyuanImage-3.0-Instruct/snapshots/2ec2c78bee7d4b94157341fba86c4c2c7b1858b2,15,0,1,4096,3072,1,32768,14.490083312988281,14.557724000000004,8.957802000000001,4.487253000000001,184.00082130537956,170.73063757186975,1,"void at::native::elementwise_kernel<128, 2, at::native::gpu_kernel_impl_nocast<at::native::direct_copy_kernel_cuda(at::TensorIteratorBase&)::{lambda()#3}::operator()() const::{lambda()#7}::operator()() const::{lambda(float)#1}>(at::TensorIteratorBase&, at::native::direct_copy_kernel_cuda(at::TensorIteratorBase&)::{lambda()#3}::operator()() const::{lambda()#7}::operator()() const::{lambda(float)#1} const&)::{lambda(int)#1}>(int, at::native::gpu_kernel_impl_nocast<at::native::direct_copy_kernel_cuda(at::TensorIteratorBase&)::{lambda()#3}::operator()() const::{lambda()#7}::operator()() const::{lambda(float)#1}>(at::TensorIteratorBase&, at::native::direct_copy_kernel_cuda(at::TensorIteratorBase&)::{lambda()#3}::operator()() const::{lambda()#7}::operator()() const::{lambda(float)#1} const&)::{lambda(int)#1})",copy/cast,copy_cast,01. copy_cast :: copy/cast,0.0023360000000000125
auto,ok,32768,copy_cast,,0,/home/yangshen/.cache/huggingface/hub/models--tencent--HunyuanImage-3.0-Instruct/snapshots/2ec2c78bee7d4b94157341fba86c4c2c7b1858b2,15,0,1,4096,3072,1,32768,14.490083312988281,14.557724000000004,8.957802000000001,4.487253000000001,184.00082130537956,170.73063757186975,2,"void at::native::elementwise_kernel<128, 4, at::native::gpu_kernel_impl<at::native::direct_copy_kernel_cuda(at::TensorIteratorBase&)::{lambda()#3}::operator()() const::{lambda()#3}::operator()() const::{lambda(int)#1}>(at::TensorIteratorBase&, at::native::direct_copy_kernel_cuda(at::TensorIteratorBase&)::{lambda()#3}::operator()() const::{lambda()#3}::operator()() const::{lambda(int)#1} const&)::{lambda(int)#1}>(int, at::native::gpu_kernel_impl<at::native::direct_copy_kernel_cuda(at::TensorIteratorBase&)::{lambda()#3}::operator()() const::{lambda()#3}::operator()() const::{lambda(int)#1}>(at::TensorIteratorBase&, at::native::direct_copy_kernel_cuda(at::TensorIteratorBase&)::{lambda()#3}::operator()() const::{lambda()#3}::operator()() const::{lambda(int)#1} const&)::{lambda(int)#1})",copy/cast,copy_cast,02. copy_cast :: copy/cast,0.002432000000000016
auto,ok,32768,prefix_sum,,0,/home/yangshen/.cache/huggingface/hub/models--tencent--HunyuanImage-3.0-Instruct/snapshots/2ec2c78bee7d4b94157341fba86c4c2c7b1858b2,15,0,1,4096,3072,1,32768,14.490083312988281,14.557724000000004,8.957802000000001,4.487253000000001,184.00082130537956,170.73063757186975,3,"void tensorrt_llm::kernels::cutlass_kernels::blockExpertPrefixSumKernel<1024>(int const*, int*, int*, long, long, int)",blockExpertPrefixSumKernel,prefix_sum,03. prefix_sum :: blockExpertPrefixSumKernel,0.011968000000000074
auto,ok,32768,other,,0,/home/yangshen/.cache/huggingface/hub/models--tencent--HunyuanImage-3.0-Instruct/snapshots/2ec2c78bee7d4b94157341fba86c4c2c7b1858b2,15,0,1,4096,3072,1,32768,14.490083312988281,14.557724000000004,8.957802000000001,4.487253000000001,184.00082130537956,170.73063757186975,4,"void tensorrt_llm::kernels::cutlass_kernels::globalExpertPrefixSumLargeKernel<1024>(int const*, int*, long*, long, long, long)","void tensorrt_llm::kernels::cutlass_kernels::globalExpertPrefixSumLargeKernel<1024>(int const*, int*, long*, long, long, long)",other,"04. other :: void tensorrt_llm::kernels::cutlass_kernels::globalExpertPrefixSumLargeKernel<1024>(int const*, int*, long*, long, long, long)",0.0021440000000000053
auto,ok,32768,prefix_sum,,0,/home/yangshen/.cache/huggingface/hub/models--tencent--HunyuanImage-3.0-Instruct/snapshots/2ec2c78bee7d4b94157341fba86c4c2c7b1858b2,15,0,1,4096,3072,1,32768,14.490083312988281,14.557724000000004,8.957802000000001,4.487253000000001,184.00082130537956,170.73063757186975,5,"tensorrt_llm::kernels::cutlass_kernels::mergeExpertPrefixSumKernel(int const*, int const*, int const*, int*, int*, int*, int)",mergeExpertPrefixSumKernel,prefix_sum,05. prefix_sum :: mergeExpertPrefixSumKernel,0.006463999999999942
auto,ok,32768,dispatch_expand,,0,/home/yangshen/.cache/huggingface/hub/models--tencent--HunyuanImage-3.0-Instruct/snapshots/2ec2c78bee7d4b94157341fba86c4c2c7b1858b2,15,0,1,4096,3072,1,32768,14.490083312988281,14.557724000000004,8.957802000000001,4.487253000000001,184.00082130537956,170.73063757186975,6,"void tensorrt_llm::kernels::cutlass_kernels::expandInputRowsKernel<__nv_bfloat16, __nv_bfloat16, (tensorrt_llm::kernels::cutlass_kernels::TmaWarpSpecializedGroupedGemmInput::FpXBlockScalingType)2, false>(__nv_bfloat16 const*, __nv_bfloat16*, float const*, float*, int const*, long, long, long, float const*, bool, long const*, unsigned char*, unsigned char const*, bool, long, __nv_bfloat16 const*)",expandInputRowsKernel,dispatch_expand,06. dispatch_expand :: expandInputRowsKernel,0.37836699999999995
auto,ok,32768,gemm1_gate_up_activation,,0,/home/yangshen/.cache/huggingface/hub/models--tencent--HunyuanImage-3.0-Instruct/snapshots/2ec2c78bee7d4b94157341fba86c4c2c7b1858b2,15,0,1,4096,3072,1,32768,14.490083312988281,14.557724000000004,8.957802000000001,4.487253000000001,184.00082130537956,170.73063757186975,7,"void fused_moe::run_global<fused_moe::Fused_Moe_Kernel_sm80<cutlass::bfloat16_t, cutlass::bfloat16_t, cutlass::bfloat16_t, 32, 128, 64, 2, (fused_moe::Activation_Type)3> >(fused_moe::Fused_Moe_Kernel_sm80<cutlass::bfloat16_t, cutlass::bfloat16_t, cutlass::bfloat16_t, 32, 128, 64, 2, (fused_moe::Activation_Type)3>::Params)",fused_moe::run_global<GEMM1_gate_up_activation>,gemm1_gate_up_activation,07. gemm1_gate_up_activation :: fused_moe::run_global<GEMM1_gate_up_activation>,8.957802000000001
auto,ok,32768,gemm2_down,,0,/home/yangshen/.cache/huggingface/hub/models--tencent--HunyuanImage-3.0-Instruct/snapshots/2ec2c78bee7d4b94157341fba86c4c2c7b1858b2,15,0,1,4096,3072,1,32768,14.490083312988281,14.557724000000004,8.957802000000001,4.487253000000001,184.00082130537956,170.73063757186975,8,_ZN7cutlass6KernelINS_4gemm6kernel9MoeFCGemmINS1_11threadblock13MmaMultistageINS1_9GemmShapeILi32ELi128ELi64EEENS_9transform11threadblock28PredicatedTileAccessIteratorINS_11MatrixShapeILi32ELi64EEENS_10bfloat16_tENS_6layout8RowMajorELi1ENS8_29PitchLinearWarpRakedThreadMapINS_16PitchLinearShapeILi64ELi32EEELi128ENSH_ILi8ELi4EEELi8EEENS_5ArrayISD_Li8ELb0EEELb0ENSE_9NoPermuteEEENS9_25RegularTileAccessIteratorISC_SD_NSE_37RowMajorTensorOpMultiplicandCrosswiseILi16ELi64EEELi0ESK_Li16EEELNS_4arch14CacheOperation4KindE1ENSA_INSB_ILi64ELi128EEESD_NSE_11ColumnMajorELi0ENSG_INSH_ILi64ELi128EEELi128ESJ_Li8EEESM_Lb0ESN_EENSP_ISW_SD_NSE_40ColumnMajorTensorOpMultiplicandCrosswiseILi16ELi64EEELi1ESZ_Li16EEELSV_1EfSF_NS4_9MmaPolicyINS1_4warp11MmaTensorOpINS6_ILi32ELi32ELi64EEESD_SR_SD_S12_fSF_NS15_17MmaTensorOpPolicyINST_3MmaINS6_ILi16ELi8ELi16EEELi32ESD_SF_SD_SX_fSF_NST_13OpMultiplyAddEEENSB_ILi1ELi1EEEEELi1ELb0EbEENSB_ILi0ELi0EEES1G_Li1EEELi2ELNS1_23SharedMemoryClearOptionE0EbEENS_8epilogue11threadblock8EpilogueIS7_S1F_Li1ENS1L_22PredicatedTileIteratorINS1L_26OutputTileOptimalThreadMapINS1L_15OutputTileShapeILi128ELi8ELi1ELi1ELi1EEENS1P_ILi1ELi4ELi1ELi1ELi4EEELi128ELi8ELi16EEESD_Lb0ESN_Lb0EEENS1K_4warp24FragmentIteratorTensorOpIS17_S1A_fNSL_IfLi4ELb1EEESF_EENS1U_20TileIteratorTensorOpIS17_S1A_fSF_EENS1L_18SharedLoadIteratorINS1S_18CompactedThreadMapEfLi32EEENS1K_6thread17LinearCombinationISD_Li8EffLNS23_9ScaleType4KindE0ELNS_15FloatRoundStyleE2ESD_EENSB_ILi0ELi8EEELi1ELi1EEENS4_37GemmBatchedIdentityThreadblockSwizzleENST_4Sm80ELNS2_17GroupScheduleModeE0EEEEEvNT_6ParamsE,cutlass::Kernel<MoeFCGemm_GEMM2_down>,gemm2_down,08. gemm2_down :: cutlass::Kernel<MoeFCGemm_GEMM2_down>,4.487253000000001
auto,ok,32768,finalize_combine,,0,/home/yangshen/.cache/huggingface/hub/models--tencent--HunyuanImage-3.0-Instruct/snapshots/2ec2c78bee7d4b94157341fba86c4c2c7b1858b2,15,0,1,4096,3072,1,32768,14.490083312988281,14.557724000000004,8.957802000000001,4.487253000000001,184.00082130537956,170.73063757186975,9,"void tensorrt_llm::kernels::cutlass_kernels::finalizeMoeRoutingKernel<__nv_bfloat16, __nv_bfloat16, __nv_bfloat16, (tensorrt_llm::kernels::cutlass_kernels::ScaleMode)1>(__nv_bfloat16 const*, __nv_bfloat16*, __nv_bfloat16 const*, float const*, int const*, int const*, long, long, long, int, int)",finalizeMoeRoutingKernel,finalize_combine,09. finalize_combine :: finalizeMoeRoutingKernel,0.34601500000000124
auto,ok,32768,memcpy,,0,/home/yangshen/.cache/huggingface/hub/models--tencent--HunyuanImage-3.0-Instruct/snapshots/2ec2c78bee7d4b94157341fba86c4c2c7b1858b2,15,0,1,4096,3072,1,32768,14.490083312988281,14.557724000000004,8.957802000000001,4.487253000000001,184.00082130537956,170.73063757186975,10,Memcpy DtoD (Device -> Device),Memcpy DtoD,memcpy,10. memcpy :: Memcpy DtoD,0.3629430000000011
auto,ok,65536,copy_cast,,0,/home/yangshen/.cache/huggingface/hub/models--tencent--HunyuanImage-3.0-Instruct/snapshots/2ec2c78bee7d4b94157341fba86c4c2c7b1858b2,15,0,1,4096,3072,1,65536,27.286965942382814,28.376394000000005,17.213132,8.918726000000003,189.33985960707423,181.3247517308968,1,"void at::native::elementwise_kernel<128, 2, at::native::gpu_kernel_impl_nocast<at::native::direct_copy_kernel_cuda(at::TensorIteratorBase&)::{lambda()#3}::operator()() const::{lambda()#7}::operator()() const::{lambda(float)#1}>(at::TensorIteratorBase&, at::native::direct_copy_kernel_cuda(at::TensorIteratorBase&)::{lambda()#3}::operator()() const::{lambda()#7}::operator()() const::{lambda(float)#1} const&)::{lambda(int)#1}>(int, at::native::gpu_kernel_impl_nocast<at::native::direct_copy_kernel_cuda(at::TensorIteratorBase&)::{lambda()#3}::operator()() const::{lambda()#7}::operator()() const::{lambda(float)#1}>(at::TensorIteratorBase&, at::native::direct_copy_kernel_cuda(at::TensorIteratorBase&)::{lambda()#3}::operator()() const::{lambda()#7}::operator()() const::{lambda(float)#1} const&)::{lambda(int)#1})",copy/cast,copy_cast,01. copy_cast :: copy/cast,0.0024319999999999026
auto,ok,65536,copy_cast,,0,/home/yangshen/.cache/huggingface/hub/models--tencent--HunyuanImage-3.0-Instruct/snapshots/2ec2c78bee7d4b94157341fba86c4c2c7b1858b2,15,0,1,4096,3072,1,65536,27.286965942382814,28.376394000000005,17.213132,8.918726000000003,189.33985960707423,181.3247517308968,2,"void at::native::elementwise_kernel<128, 4, at::native::gpu_kernel_impl<at::native::direct_copy_kernel_cuda(at::TensorIteratorBase&)::{lambda()#3}::operator()() const::{lambda()#3}::operator()() const::{lambda(int)#1}>(at::TensorIteratorBase&, at::native::direct_copy_kernel_cuda(at::TensorIteratorBase&)::{lambda()#3}::operator()() const::{lambda()#3}::operator()() const::{lambda(int)#1} const&)::{lambda(int)#1}>(int, at::native::gpu_kernel_impl<at::native::direct_copy_kernel_cuda(at::TensorIteratorBase&)::{lambda()#3}::operator()() const::{lambda()#3}::operator()() const::{lambda(int)#1}>(at::TensorIteratorBase&, at::native::direct_copy_kernel_cuda(at::TensorIteratorBase&)::{lambda()#3}::operator()() const::{lambda()#3}::operator()() const::{lambda(int)#1} const&)::{lambda(int)#1})",copy/cast,copy_cast,02. copy_cast :: copy/cast,0.0023360000000000125
auto,ok,65536,prefix_sum,,0,/home/yangshen/.cache/huggingface/hub/models--tencent--HunyuanImage-3.0-Instruct/snapshots/2ec2c78bee7d4b94157341fba86c4c2c7b1858b2,15,0,1,4096,3072,1,65536,27.286965942382814,28.376394000000005,17.213132,8.918726000000003,189.33985960707423,181.3247517308968,3,"void tensorrt_llm::kernels::cutlass_kernels::blockExpertPrefixSumKernel<1024>(int const*, int*, int*, long, long, int)",blockExpertPrefixSumKernel,prefix_sum,03. prefix_sum :: blockExpertPrefixSumKernel,0.021888000000000147
auto,ok,65536,other,,0,/home/yangshen/.cache/huggingface/hub/models--tencent--HunyuanImage-3.0-Instruct/snapshots/2ec2c78bee7d4b94157341fba86c4c2c7b1858b2,15,0,1,4096,3072,1,65536,27.286965942382814,28.376394000000005,17.213132,8.918726000000003,189.33985960707423,181.3247517308968,4,"void tensorrt_llm::kernels::cutlass_kernels::globalExpertPrefixSumLargeKernel<1024>(int const*, int*, long*, long, long, long)","void tensorrt_llm::kernels::cutlass_kernels::globalExpertPrefixSumLargeKernel<1024>(int const*, int*, long*, long, long, long)",other,"04. other :: void tensorrt_llm::kernels::cutlass_kernels::globalExpertPrefixSumLargeKernel<1024>(int const*, int*, long*, long, long, long)",0.0027840000000001054
auto,ok,65536,prefix_sum,,0,/home/yangshen/.cache/huggingface/hub/models--tencent--HunyuanImage-3.0-Instruct/snapshots/2ec2c78bee7d4b94157341fba86c4c2c7b1858b2,15,0,1,4096,3072,1,65536,27.286965942382814,28.376394000000005,17.213132,8.918726000000003,189.33985960707423,181.3247517308968,5,"tensorrt_llm::kernels::cutlass_kernels::mergeExpertPrefixSumKernel(int const*, int const*, int const*, int*, int*, int*, int)",mergeExpertPrefixSumKernel,prefix_sum,05. prefix_sum :: mergeExpertPrefixSumKernel,0.011615999999999986
auto,ok,65536,dispatch_expand,,0,/home/yangshen/.cache/huggingface/hub/models--tencent--HunyuanImage-3.0-Instruct/snapshots/2ec2c78bee7d4b94157341fba86c4c2c7b1858b2,15,0,1,4096,3072,1,65536,27.286965942382814,28.376394000000005,17.213132,8.918726000000003,189.33985960707423,181.3247517308968,6,"void tensorrt_llm::kernels::cutlass_kernels::expandInputRowsKernel<__nv_bfloat16, __nv_bfloat16, (tensorrt_llm::kernels::cutlass_kernels::TmaWarpSpecializedGroupedGemmInput::FpXBlockScalingType)2, false>(__nv_bfloat16 const*, __nv_bfloat16*, float const*, float*, int const*, long, long, long, float const*, bool, long const*, unsigned char*, unsigned char const*, bool, long, __nv_bfloat16 const*)",expandInputRowsKernel,dispatch_expand,06. dispatch_expand :: expandInputRowsKernel,0.7567649999999999
auto,ok,65536,gemm1_gate_up_activation,,0,/home/yangshen/.cache/huggingface/hub/models--tencent--HunyuanImage-3.0-Instruct/snapshots/2ec2c78bee7d4b94157341fba86c4c2c7b1858b2,15,0,1,4096,3072,1,65536,27.286965942382814,28.376394000000005,17.213132,8.918726000000003,189.33985960707423,181.3247517308968,7,"void fused_moe::run_global<fused_moe::Fused_Moe_Kernel_sm80<cutlass::bfloat16_t, cutlass::bfloat16_t, cutlass::bfloat16_t, 32, 128, 64, 2, (fused_moe::Activation_Type)3> >(fused_moe::Fused_Moe_Kernel_sm80<cutlass::bfloat16_t, cutlass::bfloat16_t, cutlass::bfloat16_t, 32, 128, 64, 2, (fused_moe::Activation_Type)3>::Params)",fused_moe::run_global<GEMM1_gate_up_activation>,gemm1_gate_up_activation,07. gemm1_gate_up_activation :: fused_moe::run_global<GEMM1_gate_up_activation>,17.213132
auto,ok,65536,gemm2_down,,0,/home/yangshen/.cache/huggingface/hub/models--tencent--HunyuanImage-3.0-Instruct/snapshots/2ec2c78bee7d4b94157341fba86c4c2c7b1858b2,15,0,1,4096,3072,1,65536,27.286965942382814,28.376394000000005,17.213132,8.918726000000003,189.33985960707423,181.3247517308968,8,_ZN7cutlass6KernelINS_4gemm6kernel9MoeFCGemmINS1_11threadblock13MmaMultistageINS1_9GemmShapeILi32ELi128ELi64EEENS_9transform11threadblock28PredicatedTileAccessIteratorINS_11MatrixShapeILi32ELi64EEENS_10bfloat16_tENS_6layout8RowMajorELi1ENS8_29PitchLinearWarpRakedThreadMapINS_16PitchLinearShapeILi64ELi32EEELi128ENSH_ILi8ELi4EEELi8EEENS_5ArrayISD_Li8ELb0EEELb0ENSE_9NoPermuteEEENS9_25RegularTileAccessIteratorISC_SD_NSE_37RowMajorTensorOpMultiplicandCrosswiseILi16ELi64EEELi0ESK_Li16EEELNS_4arch14CacheOperation4KindE1ENSA_INSB_ILi64ELi128EEESD_NSE_11ColumnMajorELi0ENSG_INSH_ILi64ELi128EEELi128ESJ_Li8EEESM_Lb0ESN_EENSP_ISW_SD_NSE_40ColumnMajorTensorOpMultiplicandCrosswiseILi16ELi64EEELi1ESZ_Li16EEELSV_1EfSF_NS4_9MmaPolicyINS1_4warp11MmaTensorOpINS6_ILi32ELi32ELi64EEESD_SR_SD_S12_fSF_NS15_17MmaTensorOpPolicyINST_3MmaINS6_ILi16ELi8ELi16EEELi32ESD_SF_SD_SX_fSF_NST_13OpMultiplyAddEEENSB_ILi1ELi1EEEEELi1ELb0EbEENSB_ILi0ELi0EEES1G_Li1EEELi2ELNS1_23SharedMemoryClearOptionE0EbEENS_8epilogue11threadblock8EpilogueIS7_S1F_Li1ENS1L_22PredicatedTileIteratorINS1L_26OutputTileOptimalThreadMapINS1L_15OutputTileShapeILi128ELi8ELi1ELi1ELi1EEENS1P_ILi1ELi4ELi1ELi1ELi4EEELi128ELi8ELi16EEESD_Lb0ESN_Lb0EEENS1K_4warp24FragmentIteratorTensorOpIS17_S1A_fNSL_IfLi4ELb1EEESF_EENS1U_20TileIteratorTensorOpIS17_S1A_fSF_EENS1L_18SharedLoadIteratorINS1S_18CompactedThreadMapEfLi32EEENS1K_6thread17LinearCombinationISD_Li8EffLNS23_9ScaleType4KindE0ELNS_15FloatRoundStyleE2ESD_EENSB_ILi0ELi8EEELi1ELi1EEENS4_37GemmBatchedIdentityThreadblockSwizzleENST_4Sm80ELNS2_17GroupScheduleModeE0EEEEEvNT_6ParamsE,cutlass::Kernel<MoeFCGemm_GEMM2_down>,gemm2_down,08. gemm2_down :: cutlass::Kernel<MoeFCGemm_GEMM2_down>,8.918726000000003
auto,ok,65536,finalize_combine,,0,/home/yangshen/.cache/huggingface/hub/models--tencent--HunyuanImage-3.0-Instruct/snapshots/2ec2c78bee7d4b94157341fba86c4c2c7b1858b2,15,0,1,4096,3072,1,65536,27.286965942382814,28.376394000000005,17.213132,8.918726000000003,189.33985960707423,181.3247517308968,9,"void tensorrt_llm::kernels::cutlass_kernels::finalizeMoeRoutingKernel<__nv_bfloat16, __nv_bfloat16, __nv_bfloat16, (tensorrt_llm::kernels::cutlass_kernels::ScaleMode)1>(__nv_bfloat16 const*, __nv_bfloat16*, __nv_bfloat16 const*, float const*, int const*, int const*, long, long, long, int, int)",finalizeMoeRoutingKernel,finalize_combine,09. finalize_combine :: finalizeMoeRoutingKernel,0.7141100000000006
auto,ok,65536,memcpy,,0,/home/yangshen/.cache/huggingface/hub/models--tencent--HunyuanImage-3.0-Instruct/snapshots/2ec2c78bee7d4b94157341fba86c4c2c7b1858b2,15,0,1,4096,3072,1,65536,27.286965942382814,28.376394000000005,17.213132,8.918726000000003,189.33985960707423,181.3247517308968,10,Memcpy DtoD (Device -> Device),Memcpy DtoD,memcpy,10. memcpy :: Memcpy DtoD,0.7326049999999996
flashinfer_cutlass,ok,16384,copy_cast,,0,/home/yangshen/.cache/huggingface/hub/models--tencent--HunyuanImage-3.0-Instruct/snapshots/2ec2c78bee7d4b94157341fba86c4c2c7b1858b2,15,0,1,4096,3072,1,16384,7.259510040283203,7.238537999999998,4.450099,2.248249,184.6650220693222,170.39036717135593,1,"void at::native::elementwise_kernel<128, 2, at::native::gpu_kernel_impl_nocast<at::native::direct_copy_kernel_cuda(at::TensorIteratorBase&)::{lambda()#3}::operator()() const::{lambda()#7}::operator()() const::{lambda(float)#1}>(at::TensorIteratorBase&, at::native::direct_copy_kernel_cuda(at::TensorIteratorBase&)::{lambda()#3}::operator()() const::{lambda()#7}::operator()() const::{lambda(float)#1} const&)::{lambda(int)#1}>(int, at::native::gpu_kernel_impl_nocast<at::native::direct_copy_kernel_cuda(at::TensorIteratorBase&)::{lambda()#3}::operator()() const::{lambda()#7}::operator()() const::{lambda(float)#1}>(at::TensorIteratorBase&, at::native::direct_copy_kernel_cuda(at::TensorIteratorBase&)::{lambda()#3}::operator()() const::{lambda()#7}::operator()() const::{lambda(float)#1} const&)::{lambda(int)#1})",copy/cast,copy_cast,01. copy_cast :: copy/cast,0.002080000000000041
flashinfer_cutlass,ok,16384,copy_cast,,0,/home/yangshen/.cache/huggingface/hub/models--tencent--HunyuanImage-3.0-Instruct/snapshots/2ec2c78bee7d4b94157341fba86c4c2c7b1858b2,15,0,1,4096,3072,1,16384,7.259510040283203,7.238537999999998,4.450099,2.248249,184.6650220693222,170.39036717135593,2,"void at::native::elementwise_kernel<128, 4, at::native::gpu_kernel_impl<at::native::direct_copy_kernel_cuda(at::TensorIteratorBase&)::{lambda()#3}::operator()() const::{lambda()#3}::operator()() const::{lambda(int)#1}>(at::TensorIteratorBase&, at::native::direct_copy_kernel_cuda(at::TensorIteratorBase&)::{lambda()#3}::operator()() const::{lambda()#3}::operator()() const::{lambda(int)#1} const&)::{lambda(int)#1}>(int, at::native::gpu_kernel_impl<at::native::direct_copy_kernel_cuda(at::TensorIteratorBase&)::{lambda()#3}::operator()() const::{lambda()#3}::operator()() const::{lambda(int)#1}>(at::TensorIteratorBase&, at::native::direct_copy_kernel_cuda(at::TensorIteratorBase&)::{lambda()#3}::operator()() const::{lambda()#3}::operator()() const::{lambda(int)#1} const&)::{lambda(int)#1})",copy/cast,copy_cast,02. copy_cast :: copy/cast,0.002655999999999949
flashinfer_cutlass,ok,16384,prefix_sum,,0,/home/yangshen/.cache/huggingface/hub/models--tencent--HunyuanImage-3.0-Instruct/snapshots/2ec2c78bee7d4b94157341fba86c4c2c7b1858b2,15,0,1,4096,3072,1,16384,7.259510040283203,7.238537999999998,4.450099,2.248249,184.6650220693222,170.39036717135593,3,"void tensorrt_llm::kernels::cutlass_kernels::blockExpertPrefixSumKernel<1024>(int const*, int*, int*, long, long, int)",blockExpertPrefixSumKernel,prefix_sum,03. prefix_sum :: blockExpertPrefixSumKernel,0.006783999999999878
flashinfer_cutlass,ok,16384,prefix_sum,,0,/home/yangshen/.cache/huggingface/hub/models--tencent--HunyuanImage-3.0-Instruct/snapshots/2ec2c78bee7d4b94157341fba86c4c2c7b1858b2,15,0,1,4096,3072,1,16384,7.259510040283203,7.238537999999998,4.450099,2.248249,184.6650220693222,170.39036717135593,4,"void tensorrt_llm::kernels::cutlass_kernels::globalExpertPrefixSumKernel<1024>(int const*, int*, long*, long, long)",globalExpertPrefixSumKernel,prefix_sum,04. prefix_sum :: globalExpertPrefixSumKernel,0.0016959999999999126
flashinfer_cutlass,ok,16384,prefix_sum,,0,/home/yangshen/.cache/huggingface/hub/models--tencent--HunyuanImage-3.0-Instruct/snapshots/2ec2c78bee7d4b94157341fba86c4c2c7b1858b2,15,0,1,4096,3072,1,16384,7.259510040283203,7.238537999999998,4.450099,2.248249,184.6650220693222,170.39036717135593,5,"tensorrt_llm::kernels::cutlass_kernels::mergeExpertPrefixSumKernel(int const*, int const*, int const*, int*, int*, int*, int)",mergeExpertPrefixSumKernel,prefix_sum,05. prefix_sum :: mergeExpertPrefixSumKernel,0.004
flashinfer_cutlass,ok,16384,dispatch_expand,,0,/home/yangshen/.cache/huggingface/hub/models--tencent--HunyuanImage-3.0-Instruct/snapshots/2ec2c78bee7d4b94157341fba86c4c2c7b1858b2,15,0,1,4096,3072,1,16384,7.259510040283203,7.238537999999998,4.450099,2.248249,184.6650220693222,170.39036717135593,6,"void tensorrt_llm::kernels::cutlass_kernels::expandInputRowsKernel<__nv_bfloat16, __nv_bfloat16, (tensorrt_llm::kernels::cutlass_kernels::TmaWarpSpecializedGroupedGemmInput::FpXBlockScalingType)2, false>(__nv_bfloat16 const*, __nv_bfloat16*, float const*, float*, int const*, long, long, long, float const*, bool, long const*, unsigned char*, unsigned char const*, bool, long, __nv_bfloat16 const*)",expandInputRowsKernel,dispatch_expand,06. dispatch_expand :: expandInputRowsKernel,0.18070299999999997
flashinfer_cutlass,ok,16384,gemm1_gate_up_activation,,0,/home/yangshen/.cache/huggingface/hub/models--tencent--HunyuanImage-3.0-Instruct/snapshots/2ec2c78bee7d4b94157341fba86c4c2c7b1858b2,15,0,1,4096,3072,1,16384,7.259510040283203,7.238537999999998,4.450099,2.248249,184.6650220693222,170.39036717135593,7,"void fused_moe::run_global<fused_moe::Fused_Moe_Kernel_sm80<cutlass::bfloat16_t, cutlass::bfloat16_t, cutlass::bfloat16_t, 32, 128, 64, 2, (fused_moe::Activation_Type)3> >(fused_moe::Fused_Moe_Kernel_sm80<cutlass::bfloat16_t, cutlass::bfloat16_t, cutlass::bfloat16_t, 32, 128, 64, 2, (fused_moe::Activation_Type)3>::Params)",fused_moe::run_global<GEMM1_gate_up_activation>,gemm1_gate_up_activation,07. gemm1_gate_up_activation :: fused_moe::run_global<GEMM1_gate_up_activation>,4.450099
flashinfer_cutlass,ok,16384,gemm2_down,,0,/home/yangshen/.cache/huggingface/hub/models--tencent--HunyuanImage-3.0-Instruct/snapshots/2ec2c78bee7d4b94157341fba86c4c2c7b1858b2,15,0,1,4096,3072,1,16384,7.259510040283203,7.238537999999998,4.450099,2.248249,184.6650220693222,170.39036717135593,8,_ZN7cutlass6KernelINS_4gemm6kernel9MoeFCGemmINS1_11threadblock13MmaMultistageINS1_9GemmShapeILi32ELi128ELi64EEENS_9transform11threadblock28PredicatedTileAccessIteratorINS_11MatrixShapeILi32ELi64EEENS_10bfloat16_tENS_6layout8RowMajorELi1ENS8_29PitchLinearWarpRakedThreadMapINS_16PitchLinearShapeILi64ELi32EEELi128ENSH_ILi8ELi4EEELi8EEENS_5ArrayISD_Li8ELb0EEELb0ENSE_9NoPermuteEEENS9_25RegularTileAccessIteratorISC_SD_NSE_37RowMajorTensorOpMultiplicandCrosswiseILi16ELi64EEELi0ESK_Li16EEELNS_4arch14CacheOperation4KindE1ENSA_INSB_ILi64ELi128EEESD_NSE_11ColumnMajorELi0ENSG_INSH_ILi64ELi128EEELi128ESJ_Li8EEESM_Lb0ESN_EENSP_ISW_SD_NSE_40ColumnMajorTensorOpMultiplicandCrosswiseILi16ELi64EEELi1ESZ_Li16EEELSV_1EfSF_NS4_9MmaPolicyINS1_4warp11MmaTensorOpINS6_ILi32ELi32ELi64EEESD_SR_SD_S12_fSF_NS15_17MmaTensorOpPolicyINST_3MmaINS6_ILi16ELi8ELi16EEELi32ESD_SF_SD_SX_fSF_NST_13OpMultiplyAddEEENSB_ILi1ELi1EEEEELi1ELb0EbEENSB_ILi0ELi0EEES1G_Li1EEELi2ELNS1_23SharedMemoryClearOptionE0EbEENS_8epilogue11threadblock8EpilogueIS7_S1F_Li1ENS1L_22PredicatedTileIteratorINS1L_26OutputTileOptimalThreadMapINS1L_15OutputTileShapeILi128ELi8ELi1ELi1ELi1EEENS1P_ILi1ELi4ELi1ELi1ELi4EEELi128ELi8ELi16EEESD_Lb0ESN_Lb0EEENS1K_4warp24FragmentIteratorTensorOpIS17_S1A_fNSL_IfLi4ELb1EEESF_EENS1U_20TileIteratorTensorOpIS17_S1A_fSF_EENS1L_18SharedLoadIteratorINS1S_18CompactedThreadMapEfLi32EEENS1K_6thread17LinearCombinationISD_Li8EffLNS23_9ScaleType4KindE0ELNS_15FloatRoundStyleE2ESD_EENSB_ILi0ELi8EEELi1ELi1EEENS4_37GemmBatchedIdentityThreadblockSwizzleENST_4Sm80ELNS2_17GroupScheduleModeE0EEEEEvNT_6ParamsE,cutlass::Kernel<MoeFCGemm_GEMM2_down>,gemm2_down,08. gemm2_down :: cutlass::Kernel<MoeFCGemm_GEMM2_down>,2.248249
flashinfer_cutlass,ok,16384,finalize_combine,,0,/home/yangshen/.cache/huggingface/hub/models--tencent--HunyuanImage-3.0-Instruct/snapshots/2ec2c78bee7d4b94157341fba86c4c2c7b1858b2,15,0,1,4096,3072,1,16384,7.259510040283203,7.238537999999998,4.450099,2.248249,184.6650220693222,170.39036717135593,9,"void tensorrt_llm::kernels::cutlass_kernels::finalizeMoeRoutingKernel<__nv_bfloat16, __nv_bfloat16, __nv_bfloat16, (tensorrt_llm::kernels::cutlass_kernels::ScaleMode)1>(__nv_bfloat16 const*, __nv_bfloat16*, __nv_bfloat16 const*, float const*, int const*, int const*, long, long, long, int, int)",finalizeMoeRoutingKernel,finalize_combine,09. finalize_combine :: finalizeMoeRoutingKernel,0.1628799999999992
flashinfer_cutlass,ok,16384,memcpy,,0,/home/yangshen/.cache/huggingface/hub/models--tencent--HunyuanImage-3.0-Instruct/snapshots/2ec2c78bee7d4b94157341fba86c4c2c7b1858b2,15,0,1,4096,3072,1,16384,7.259510040283203,7.238537999999998,4.450099,2.248249,184.6650220693222,170.39036717135593,10,Memcpy DtoD (Device -> Device),Memcpy DtoD,memcpy,10. memcpy :: Memcpy DtoD,0.17939099999999963
flashinfer_cutlass,ok,32768,copy_cast,,0,/home/yangshen/.cache/huggingface/hub/models--tencent--HunyuanImage-3.0-Instruct/snapshots/2ec2c78bee7d4b94157341fba86c4c2c7b1858b2,15,0,1,4096,3072,1,32768,13.917507934570313,13.558182999999998,8.250238000000001,4.196077999999999,198.76573618217634,177.75460765867197,1,"void at::native::elementwise_kernel<128, 2, at::native::gpu_kernel_impl_nocast<at::native::direct_copy_kernel_cuda(at::TensorIteratorBase&)::{lambda()#3}::operator()() const::{lambda()#7}::operator()() const::{lambda(float)#1}>(at::TensorIteratorBase&, at::native::direct_copy_kernel_cuda(at::TensorIteratorBase&)::{lambda()#3}::operator()() const::{lambda()#7}::operator()() const::{lambda(float)#1} const&)::{lambda(int)#1}>(int, at::native::gpu_kernel_impl_nocast<at::native::direct_copy_kernel_cuda(at::TensorIteratorBase&)::{lambda()#3}::operator()() const::{lambda()#7}::operator()() const::{lambda(float)#1}>(at::TensorIteratorBase&, at::native::direct_copy_kernel_cuda(at::TensorIteratorBase&)::{lambda()#3}::operator()() const::{lambda()#7}::operator()() const::{lambda(float)#1} const&)::{lambda(int)#1})",copy/cast,copy_cast,01. copy_cast :: copy/cast,0.0021119999999999663
flashinfer_cutlass,ok,32768,copy_cast,,0,/home/yangshen/.cache/huggingface/hub/models--tencent--HunyuanImage-3.0-Instruct/snapshots/2ec2c78bee7d4b94157341fba86c4c2c7b1858b2,15,0,1,4096,3072,1,32768,13.917507934570313,13.558182999999998,8.250238000000001,4.196077999999999,198.76573618217634,177.75460765867197,2,"void at::native::elementwise_kernel<128, 4, at::native::gpu_kernel_impl<at::native::direct_copy_kernel_cuda(at::TensorIteratorBase&)::{lambda()#3}::operator()() const::{lambda()#3}::operator()() const::{lambda(int)#1}>(at::TensorIteratorBase&, at::native::direct_copy_kernel_cuda(at::TensorIteratorBase&)::{lambda()#3}::operator()() const::{lambda()#3}::operator()() const::{lambda(int)#1} const&)::{lambda(int)#1}>(int, at::native::gpu_kernel_impl<at::native::direct_copy_kernel_cuda(at::TensorIteratorBase&)::{lambda()#3}::operator()() const::{lambda()#3}::operator()() const::{lambda(int)#1}>(at::TensorIteratorBase&, at::native::direct_copy_kernel_cuda(at::TensorIteratorBase&)::{lambda()#3}::operator()() const::{lambda()#3}::operator()() const::{lambda(int)#1} const&)::{lambda(int)#1})",copy/cast,copy_cast,02. copy_cast :: copy/cast,0.0023039999999999736
flashinfer_cutlass,ok,32768,prefix_sum,,0,/home/yangshen/.cache/huggingface/hub/models--tencent--HunyuanImage-3.0-Instruct/snapshots/2ec2c78bee7d4b94157341fba86c4c2c7b1858b2,15,0,1,4096,3072,1,32768,13.917507934570313,13.558182999999998,8.250238000000001,4.196077999999999,198.76573618217634,177.75460765867197,3,"void tensorrt_llm::kernels::cutlass_kernels::blockExpertPrefixSumKernel<1024>(int const*, int*, int*, long, long, int)",blockExpertPrefixSumKernel,prefix_sum,03. prefix_sum :: blockExpertPrefixSumKernel,0.011615999999999986
flashinfer_cutlass,ok,32768,other,,0,/home/yangshen/.cache/huggingface/hub/models--tencent--HunyuanImage-3.0-Instruct/snapshots/2ec2c78bee7d4b94157341fba86c4c2c7b1858b2,15,0,1,4096,3072,1,32768,13.917507934570313,13.558182999999998,8.250238000000001,4.196077999999999,198.76573618217634,177.75460765867197,4,"void tensorrt_llm::kernels::cutlass_kernels::globalExpertPrefixSumLargeKernel<1024>(int const*, int*, long*, long, long, long)","void tensorrt_llm::kernels::cutlass_kernels::globalExpertPrefixSumLargeKernel<1024>(int const*, int*, long*, long, long, long)",other,"04. other :: void tensorrt_llm::kernels::cutlass_kernels::globalExpertPrefixSumLargeKernel<1024>(int const*, int*, long*, long, long, long)",0.0020800000000001546
flashinfer_cutlass,ok,32768,prefix_sum,,0,/home/yangshen/.cache/huggingface/hub/models--tencent--HunyuanImage-3.0-Instruct/snapshots/2ec2c78bee7d4b94157341fba86c4c2c7b1858b2,15,0,1,4096,3072,1,32768,13.917507934570313,13.558182999999998,8.250238000000001,4.196077999999999,198.76573618217634,177.75460765867197,5,"tensorrt_llm::kernels::cutlass_kernels::mergeExpertPrefixSumKernel(int const*, int const*, int const*, int*, int*, int*, int)",mergeExpertPrefixSumKernel,prefix_sum,05. prefix_sum :: mergeExpertPrefixSumKernel,0.006272000000000162
flashinfer_cutlass,ok,32768,dispatch_expand,,0,/home/yangshen/.cache/huggingface/hub/models--tencent--HunyuanImage-3.0-Instruct/snapshots/2ec2c78bee7d4b94157341fba86c4c2c7b1858b2,15,0,1,4096,3072,1,32768,13.917507934570313,13.558182999999998,8.250238000000001,4.196077999999999,198.76573618217634,177.75460765867197,6,"void tensorrt_llm::kernels::cutlass_kernels::expandInputRowsKernel<__nv_bfloat16, __nv_bfloat16, (tensorrt_llm::kernels::cutlass_kernels::TmaWarpSpecializedGroupedGemmInput::FpXBlockScalingType)2, false>(__nv_bfloat16 const*, __nv_bfloat16*, float const*, float*, int const*, long, long, long, float const*, bool, long const*, unsigned char*, unsigned char const*, bool, long, __nv_bfloat16 const*)",expandInputRowsKernel,dispatch_expand,06. dispatch_expand :: expandInputRowsKernel,0.3759019999999998
flashinfer_cutlass,ok,32768,gemm1_gate_up_activation,,0,/home/yangshen/.cache/huggingface/hub/models--tencent--HunyuanImage-3.0-Instruct/snapshots/2ec2c78bee7d4b94157341fba86c4c2c7b1858b2,15,0,1,4096,3072,1,32768,13.917507934570313,13.558182999999998,8.250238000000001,4.196077999999999,198.76573618217634,177.75460765867197,7,"void fused_moe::run_global<fused_moe::Fused_Moe_Kernel_sm80<cutlass::bfloat16_t, cutlass::bfloat16_t, cutlass::bfloat16_t, 32, 128, 64, 2, (fused_moe::Activation_Type)3> >(fused_moe::Fused_Moe_Kernel_sm80<cutlass::bfloat16_t, cutlass::bfloat16_t, cutlass::bfloat16_t, 32, 128, 64, 2, (fused_moe::Activation_Type)3>::Params)",fused_moe::run_global<GEMM1_gate_up_activation>,gemm1_gate_up_activation,07. gemm1_gate_up_activation :: fused_moe::run_global<GEMM1_gate_up_activation>,8.250238000000001
flashinfer_cutlass,ok,32768,gemm2_down,,0,/home/yangshen/.cache/huggingface/hub/models--tencent--HunyuanImage-3.0-Instruct/snapshots/2ec2c78bee7d4b94157341fba86c4c2c7b1858b2,15,0,1,4096,3072,1,32768,13.917507934570313,13.558182999999998,8.250238000000001,4.196077999999999,198.76573618217634,177.75460765867197,8,_ZN7cutlass6KernelINS_4gemm6kernel9MoeFCGemmINS1_11threadblock13MmaMultistageINS1_9GemmShapeILi32ELi128ELi64EEENS_9transform11threadblock28PredicatedTileAccessIteratorINS_11MatrixShapeILi32ELi64EEENS_10bfloat16_tENS_6layout8RowMajorELi1ENS8_29PitchLinearWarpRakedThreadMapINS_16PitchLinearShapeILi64ELi32EEELi128ENSH_ILi8ELi4EEELi8EEENS_5ArrayISD_Li8ELb0EEELb0ENSE_9NoPermuteEEENS9_25RegularTileAccessIteratorISC_SD_NSE_37RowMajorTensorOpMultiplicandCrosswiseILi16ELi64EEELi0ESK_Li16EEELNS_4arch14CacheOperation4KindE1ENSA_INSB_ILi64ELi128EEESD_NSE_11ColumnMajorELi0ENSG_INSH_ILi64ELi128EEELi128ESJ_Li8EEESM_Lb0ESN_EENSP_ISW_SD_NSE_40ColumnMajorTensorOpMultiplicandCrosswiseILi16ELi64EEELi1ESZ_Li16EEELSV_1EfSF_NS4_9MmaPolicyINS1_4warp11MmaTensorOpINS6_ILi32ELi32ELi64EEESD_SR_SD_S12_fSF_NS15_17MmaTensorOpPolicyINST_3MmaINS6_ILi16ELi8ELi16EEELi32ESD_SF_SD_SX_fSF_NST_13OpMultiplyAddEEENSB_ILi1ELi1EEEEELi1ELb0EbEENSB_ILi0ELi0EEES1G_Li1EEELi2ELNS1_23SharedMemoryClearOptionE0EbEENS_8epilogue11threadblock8EpilogueIS7_S1F_Li1ENS1L_22PredicatedTileIteratorINS1L_26OutputTileOptimalThreadMapINS1L_15OutputTileShapeILi128ELi8ELi1ELi1ELi1EEENS1P_ILi1ELi4ELi1ELi1ELi4EEELi128ELi8ELi16EEESD_Lb0ESN_Lb0EEENS1K_4warp24FragmentIteratorTensorOpIS17_S1A_fNSL_IfLi4ELb1EEESF_EENS1U_20TileIteratorTensorOpIS17_S1A_fSF_EENS1L_18SharedLoadIteratorINS1S_18CompactedThreadMapEfLi32EEENS1K_6thread17LinearCombinationISD_Li8EffLNS23_9ScaleType4KindE0ELNS_15FloatRoundStyleE2ESD_EENSB_ILi0ELi8EEELi1ELi1EEENS4_37GemmBatchedIdentityThreadblockSwizzleENST_4Sm80ELNS2_17GroupScheduleModeE0EEEEEvNT_6ParamsE,cutlass::Kernel<MoeFCGemm_GEMM2_down>,gemm2_down,08. gemm2_down :: cutlass::Kernel<MoeFCGemm_GEMM2_down>,4.196077999999999
flashinfer_cutlass,ok,32768,finalize_combine,,0,/home/yangshen/.cache/huggingface/hub/models--tencent--HunyuanImage-3.0-Instruct/snapshots/2ec2c78bee7d4b94157341fba86c4c2c7b1858b2,15,0,1,4096,3072,1,32768,13.917507934570313,13.558182999999998,8.250238000000001,4.196077999999999,198.76573618217634,177.75460765867197,9,"void tensorrt_llm::kernels::cutlass_kernels::finalizeMoeRoutingKernel<__nv_bfloat16, __nv_bfloat16, __nv_bfloat16, (tensorrt_llm::kernels::cutlass_kernels::ScaleMode)1>(__nv_bfloat16 const*, __nv_bfloat16*, __nv_bfloat16 const*, float const*, int const*, int const*, long, long, long, int, int)",finalizeMoeRoutingKernel,finalize_combine,09. finalize_combine :: finalizeMoeRoutingKernel,0.34684699999999974
flashinfer_cutlass,ok,32768,memcpy,,0,/home/yangshen/.cache/huggingface/hub/models--tencent--HunyuanImage-3.0-Instruct/snapshots/2ec2c78bee7d4b94157341fba86c4c2c7b1858b2,15,0,1,4096,3072,1,32768,13.917507934570313,13.558182999999998,8.250238000000001,4.196077999999999,198.76573618217634,177.75460765867197,10,Memcpy DtoD (Device -> Device),Memcpy DtoD,memcpy,10. memcpy :: Memcpy DtoD,0.36473399999999856
flashinfer_cutlass,ok,65536,copy_cast,,0,/home/yangshen/.cache/huggingface/hub/models--tencent--HunyuanImage-3.0-Instruct/snapshots/2ec2c78bee7d4b94157341fba86c4c2c7b1858b2,15,0,1,4096,3072,1,65536,27.036972045898438,27.024727999999993,16.410663999999997,8.370131999999998,199.6627680963921,183.00134780597932,1,"void at::native::elementwise_kernel<128, 2, at::native::gpu_kernel_impl_nocast<at::native::direct_copy_kernel_cuda(at::TensorIteratorBase&)::{lambda()#3}::operator()() const::{lambda()#7}::operator()() const::{lambda(float)#1}>(at::TensorIteratorBase&, at::native::direct_copy_kernel_cuda(at::TensorIteratorBase&)::{lambda()#3}::operator()() const::{lambda()#7}::operator()() const::{lambda(float)#1} const&)::{lambda(int)#1}>(int, at::native::gpu_kernel_impl_nocast<at::native::direct_copy_kernel_cuda(at::TensorIteratorBase&)::{lambda()#3}::operator()() const::{lambda()#7}::operator()() const::{lambda(float)#1}>(at::TensorIteratorBase&, at::native::direct_copy_kernel_cuda(at::TensorIteratorBase&)::{lambda()#3}::operator()() const::{lambda()#7}::operator()() const::{lambda(float)#1} const&)::{lambda(int)#1})",copy/cast,copy_cast,01. copy_cast :: copy/cast,0.002432000000000016
flashinfer_cutlass,ok,65536,copy_cast,,0,/home/yangshen/.cache/huggingface/hub/models--tencent--HunyuanImage-3.0-Instruct/snapshots/2ec2c78bee7d4b94157341fba86c4c2c7b1858b2,15,0,1,4096,3072,1,65536,27.036972045898438,27.024727999999993,16.410663999999997,8.370131999999998,199.6627680963921,183.00134780597932,2,"void at::native::elementwise_kernel<128, 4, at::native::gpu_kernel_impl<at::native::direct_copy_kernel_cuda(at::TensorIteratorBase&)::{lambda()#3}::operator()() const::{lambda()#3}::operator()() const::{lambda(int)#1}>(at::TensorIteratorBase&, at::native::direct_copy_kernel_cuda(at::TensorIteratorBase&)::{lambda()#3}::operator()() const::{lambda()#3}::operator()() const::{lambda(int)#1} const&)::{lambda(int)#1}>(int, at::native::gpu_kernel_impl<at::native::direct_copy_kernel_cuda(at::TensorIteratorBase&)::{lambda()#3}::operator()() const::{lambda()#3}::operator()() const::{lambda(int)#1}>(at::TensorIteratorBase&, at::native::direct_copy_kernel_cuda(at::TensorIteratorBase&)::{lambda()#3}::operator()() const::{lambda()#3}::operator()() const::{lambda(int)#1} const&)::{lambda(int)#1})",copy/cast,copy_cast,02. copy_cast :: copy/cast,0.0023360000000000125
flashinfer_cutlass,ok,65536,prefix_sum,,0,/home/yangshen/.cache/huggingface/hub/models--tencent--HunyuanImage-3.0-Instruct/snapshots/2ec2c78bee7d4b94157341fba86c4c2c7b1858b2,15,0,1,4096,3072,1,65536,27.036972045898438,27.024727999999993,16.410663999999997,8.370131999999998,199.6627680963921,183.00134780597932,3,"void tensorrt_llm::kernels::cutlass_kernels::blockExpertPrefixSumKernel<1024>(int const*, int*, int*, long, long, int)",blockExpertPrefixSumKernel,prefix_sum,03. prefix_sum :: blockExpertPrefixSumKernel,0.02185699999999997
flashinfer_cutlass,ok,65536,other,,0,/home/yangshen/.cache/huggingface/hub/models--tencent--HunyuanImage-3.0-Instruct/snapshots/2ec2c78bee7d4b94157341fba86c4c2c7b1858b2,15,0,1,4096,3072,1,65536,27.036972045898438,27.024727999999993,16.410663999999997,8.370131999999998,199.6627680963921,183.00134780597932,4,"void tensorrt_llm::kernels::cutlass_kernels::globalExpertPrefixSumLargeKernel<1024>(int const*, int*, long*, long, long, long)","void tensorrt_llm::kernels::cutlass_kernels::globalExpertPrefixSumLargeKernel<1024>(int const*, int*, long*, long, long, long)",other,"04. other :: void tensorrt_llm::kernels::cutlass_kernels::globalExpertPrefixSumLargeKernel<1024>(int const*, int*, long*, long, long, long)",0.002782999999999902
flashinfer_cutlass,ok,65536,prefix_sum,,0,/home/yangshen/.cache/huggingface/hub/models--tencent--HunyuanImage-3.0-Instruct/snapshots/2ec2c78bee7d4b94157341fba86c4c2c7b1858b2,15,0,1,4096,3072,1,65536,27.036972045898438,27.024727999999993,16.410663999999997,8.370131999999998,199.6627680963921,183.00134780597932,5,"tensorrt_llm::kernels::cutlass_kernels::mergeExpertPrefixSumKernel(int const*, int const*, int const*, int*, int*, int*, int)",mergeExpertPrefixSumKernel,prefix_sum,05. prefix_sum :: mergeExpertPrefixSumKernel,0.01158400000000006
flashinfer_cutlass,ok,65536,dispatch_expand,,0,/home/yangshen/.cache/huggingface/hub/models--tencent--HunyuanImage-3.0-Instruct/snapshots/2ec2c78bee7d4b94157341fba86c4c2c7b1858b2,15,0,1,4096,3072,1,65536,27.036972045898438,27.024727999999993,16.410663999999997,8.370131999999998,199.6627680963921,183.00134780597932,6,"void tensorrt_llm::kernels::cutlass_kernels::expandInputRowsKernel<__nv_bfloat16, __nv_bfloat16, (tensorrt_llm::kernels::cutlass_kernels::TmaWarpSpecializedGroupedGemmInput::FpXBlockScalingType)2, false>(__nv_bfloat16 const*, __nv_bfloat16*, float const*, float*, int const*, long, long, long, float const*, bool, long const*, unsigned char*, unsigned char const*, bool, long, __nv_bfloat16 const*)",expandInputRowsKernel,dispatch_expand,06. dispatch_expand :: expandInputRowsKernel,0.7550070000000001
flashinfer_cutlass,ok,65536,gemm1_gate_up_activation,,0,/home/yangshen/.cache/huggingface/hub/models--tencent--HunyuanImage-3.0-Instruct/snapshots/2ec2c78bee7d4b94157341fba86c4c2c7b1858b2,15,0,1,4096,3072,1,65536,27.036972045898438,27.024727999999993,16.410663999999997,8.370131999999998,199.6627680963921,183.00134780597932,7,"void fused_moe::run_global<fused_moe::Fused_Moe_Kernel_sm80<cutlass::bfloat16_t, cutlass::bfloat16_t, cutlass::bfloat16_t, 32, 128, 64, 2, (fused_moe::Activation_Type)3> >(fused_moe::Fused_Moe_Kernel_sm80<cutlass::bfloat16_t, cutlass::bfloat16_t, cutlass::bfloat16_t, 32, 128, 64, 2, (fused_moe::Activation_Type)3>::Params)",fused_moe::run_global<GEMM1_gate_up_activation>,gemm1_gate_up_activation,07. gemm1_gate_up_activation :: fused_moe::run_global<GEMM1_gate_up_activation>,16.410663999999997
flashinfer_cutlass,ok,65536,gemm2_down,,0,/home/yangshen/.cache/huggingface/hub/models--tencent--HunyuanImage-3.0-Instruct/snapshots/2ec2c78bee7d4b94157341fba86c4c2c7b1858b2,15,0,1,4096,3072,1,65536,27.036972045898438,27.024727999999993,16.410663999999997,8.370131999999998,199.6627680963921,183.00134780597932,8,_ZN7cutlass6KernelINS_4gemm6kernel9MoeFCGemmINS1_11threadblock13MmaMultistageINS1_9GemmShapeILi32ELi128ELi64EEENS_9transform11threadblock28PredicatedTileAccessIteratorINS_11MatrixShapeILi32ELi64EEENS_10bfloat16_tENS_6layout8RowMajorELi1ENS8_29PitchLinearWarpRakedThreadMapINS_16PitchLinearShapeILi64ELi32EEELi128ENSH_ILi8ELi4EEELi8EEENS_5ArrayISD_Li8ELb0EEELb0ENSE_9NoPermuteEEENS9_25RegularTileAccessIteratorISC_SD_NSE_37RowMajorTensorOpMultiplicandCrosswiseILi16ELi64EEELi0ESK_Li16EEELNS_4arch14CacheOperation4KindE1ENSA_INSB_ILi64ELi128EEESD_NSE_11ColumnMajorELi0ENSG_INSH_ILi64ELi128EEELi128ESJ_Li8EEESM_Lb0ESN_EENSP_ISW_SD_NSE_40ColumnMajorTensorOpMultiplicandCrosswiseILi16ELi64EEELi1ESZ_Li16EEELSV_1EfSF_NS4_9MmaPolicyINS1_4warp11MmaTensorOpINS6_ILi32ELi32ELi64EEESD_SR_SD_S12_fSF_NS15_17MmaTensorOpPolicyINST_3MmaINS6_ILi16ELi8ELi16EEELi32ESD_SF_SD_SX_fSF_NST_13OpMultiplyAddEEENSB_ILi1ELi1EEEEELi1ELb0EbEENSB_ILi0ELi0EEES1G_Li1EEELi2ELNS1_23SharedMemoryClearOptionE0EbEENS_8epilogue11threadblock8EpilogueIS7_S1F_Li1ENS1L_22PredicatedTileIteratorINS1L_26OutputTileOptimalThreadMapINS1L_15OutputTileShapeILi128ELi8ELi1ELi1ELi1EEENS1P_ILi1ELi4ELi1ELi1ELi4EEELi128ELi8ELi16EEESD_Lb0ESN_Lb0EEENS1K_4warp24FragmentIteratorTensorOpIS17_S1A_fNSL_IfLi4ELb1EEESF_EENS1U_20TileIteratorTensorOpIS17_S1A_fSF_EENS1L_18SharedLoadIteratorINS1S_18CompactedThreadMapEfLi32EEENS1K_6thread17LinearCombinationISD_Li8EffLNS23_9ScaleType4KindE0ELNS_15FloatRoundStyleE2ESD_EENSB_ILi0ELi8EEELi1ELi1EEENS4_37GemmBatchedIdentityThreadblockSwizzleENST_4Sm80ELNS2_17GroupScheduleModeE0EEEEEvNT_6ParamsE,cutlass::Kernel<MoeFCGemm_GEMM2_down>,gemm2_down,08. gemm2_down :: cutlass::Kernel<MoeFCGemm_GEMM2_down>,8.370131999999998
flashinfer_cutlass,ok,65536,finalize_combine,,0,/home/yangshen/.cache/huggingface/hub/models--tencent--HunyuanImage-3.0-Instruct/snapshots/2ec2c78bee7d4b94157341fba86c4c2c7b1858b2,15,0,1,4096,3072,1,65536,27.036972045898438,27.024727999999993,16.410663999999997,8.370131999999998,199.6627680963921,183.00134780597932,9,"void tensorrt_llm::kernels::cutlass_kernels::finalizeMoeRoutingKernel<__nv_bfloat16, __nv_bfloat16, __nv_bfloat16, (tensorrt_llm::kernels::cutlass_kernels::ScaleMode)1>(__nv_bfloat16 const*, __nv_bfloat16*, __nv_bfloat16 const*, float const*, int const*, int const*, long, long, long, int, int)",finalizeMoeRoutingKernel,finalize_combine,09. finalize_combine :: finalizeMoeRoutingKernel,0.7147180000000007
flashinfer_cutlass,ok,65536,memcpy,,0,/home/yangshen/.cache/huggingface/hub/models--tencent--HunyuanImage-3.0-Instruct/snapshots/2ec2c78bee7d4b94157341fba86c4c2c7b1858b2,15,0,1,4096,3072,1,65536,27.036972045898438,27.024727999999993,16.410663999999997,8.370131999999998,199.6627680963921,183.00134780597932,10,Memcpy DtoD (Device -> Device),Memcpy DtoD,memcpy,10. memcpy :: Memcpy DtoD,0.7332149999999965
flashinfer_trtllm,failed,,,"INFO 05-13 23:35:40 [nixl_utils.py:20] Setting UCX_RCACHE_MAX_UNRELEASED to '1024' to avoid a rare memory leak in UCX when using NIXL.
WARNING 05-13 23:35:40 [nixl_utils.py:34] NIXL is not available
WARNING 05-13 23:35:40 [nixl_utils.py:44] NIXL agent config is not available
INFO 05-13 23:35:41 [scheduler.py:239] Chunked prefill is enabled with max_num_batched_tokens=65536.
INFO 05-13 23:35:41 [vllm.py:840] Asynchronous scheduling is enabled.
INFO 05-13 23:35:41 [kernel.py:205] Final IR op priority after setting platform defaults: IrOpPriorityConfig(rms_norm=['native'])


Fetching 86 files:   0%|          | 0/86 [00:00<?, ?it/s]
Fetching 86 files: 100%|██████████| 86/86 [00:00<00:00, 14066.61it/s]
Traceback (most recent call last):
  File ""/mnt/raid0nvme0/yangshen/code/vllm-omni-uad/docs/uad/script/profile_hunyuan_moe_topk1_single_expert.py"", line 167, in <module>
    main()
  File ""/mnt/raid0nvme0/yangshen/code/vllm-omni-uad/docs/uad/script/profile_hunyuan_moe_topk1_single_expert.py"", line 79, in main
    model_dir, cfg, vllm_config, _, _ = moe_profile.setup_model(args, max(tokens_list), device)
                                        ^^^^^^^^^^^^^^^^^^^^^^^^^^^^^^^^^^^^^^^^^^^^^^^^^^^^^^^
  File ""/mnt/raid0nvme0/yangshen/code/vllm-omni-uad/docs/uad/script/profile_hunyuan_moe_kernels_html.py"", line 152, in setup_model
    moe = real_moe.create_fused_moe(
          ^^^^^^^^^^^^^^^^^^^^^^^^^^
  File ""/mnt/raid0nvme0/yangshen/code/vllm-omni-uad/docs/uad/script/bench_hunyuan_real_moe.py"", line 120, in create_fused_moe
    moe = FusedMoE(
          ^^^^^^^^^
  File ""/mnt/raid0nvme0/yangshen/code/vllm-omni-uad/.venv/lib/python3.12/site-packages/vllm/model_executor/layers/fused_moe/layer.py"", line 539, in __init__
    self.quant_method: FusedMoEMethodBase = _get_quant_method()
                                            ^^^^^^^^^^^^^^^^^^^
  File ""/mnt/raid0nvme0/yangshen/code/vllm-omni-uad/.venv/lib/python3.12/site-packages/vllm/model_executor/layers/fused_moe/layer.py"", line 533, in _get_quant_method
    quant_method = UnquantizedFusedMoEMethod(self.moe_config)
                   ^^^^^^^^^^^^^^^^^^^^^^^^^^^^^^^^^^^^^^^^^^
  File ""/mnt/raid0nvme0/yangshen/code/vllm-omni-uad/.venv/lib/python3.12/site-packages/vllm/model_executor/layers/fused_moe/unquantized_fused_moe_method.py"", line 48, in __init__
    self.unquantized_backend, self.experts_cls = select_unquantized_moe_backend(
                                                 ^^^^^^^^^^^^^^^^^^^^^^^^^^^^^^^
  File ""/mnt/raid0nvme0/yangshen/code/vllm-omni-uad/.venv/lib/python3.12/site-packages/vllm/model_executor/layers/fused_moe/oracle/unquantized.py"", line 226, in select_unquantized_moe_backend
    return _return_or_raise(requested_backend, moe_config, activation_format)
           ^^^^^^^^^^^^^^^^^^^^^^^^^^^^^^^^^^^^^^^^^^^^^^^^^^^^^^^^^^^^^^^^^^
  File ""/mnt/raid0nvme0/yangshen/code/vllm-omni-uad/.venv/lib/python3.12/site-packages/vllm/model_executor/layers/fused_moe/oracle/unquantized.py"", line 215, in _return_or_raise
    raise ValueError(_make_log_unsupported(backend, reason))
ValueError: Unquantized MoE backend FlashInfer TRTLLM does not support the deployment configuration since kernel does not support current device cuda.",1,,,,,,,,,,,,,,,,,,,,
triton,ok,16384,copy_cast,,0,/home/yangshen/.cache/huggingface/hub/models--tencent--HunyuanImage-3.0-Instruct/snapshots/2ec2c78bee7d4b94157341fba86c4c2c7b1858b2,15,0,1,4096,3072,1,16384,4.103139114379883,4.147368999999999,2.358674,1.240473,343.6788164662349,301.46445118396707,1,"void at::native::elementwise_kernel<128, 2, at::native::gpu_kernel_impl_nocast<at::native::direct_copy_kernel_cuda(at::TensorIteratorBase&)::{lambda()#3}::operator()() const::{lambda()#7}::operator()() const::{lambda(float)#1}>(at::TensorIteratorBase&, at::native::direct_copy_kernel_cuda(at::TensorIteratorBase&)::{lambda()#3}::operator()() const::{lambda()#7}::operator()() const::{lambda(float)#1} const&)::{lambda(int)#1}>(int, at::native::gpu_kernel_impl_nocast<at::native::direct_copy_kernel_cuda(at::TensorIteratorBase&)::{lambda()#3}::operator()() const::{lambda()#7}::operator()() const::{lambda(float)#1}>(at::TensorIteratorBase&, at::native::direct_copy_kernel_cuda(at::TensorIteratorBase&)::{lambda()#3}::operator()() const::{lambda()#7}::operator()() const::{lambda(float)#1} const&)::{lambda(int)#1})",copy/cast,copy_cast,01. copy_cast :: copy/cast,0.0020799999999999274
triton,ok,16384,copy_cast,,0,/home/yangshen/.cache/huggingface/hub/models--tencent--HunyuanImage-3.0-Instruct/snapshots/2ec2c78bee7d4b94157341fba86c4c2c7b1858b2,15,0,1,4096,3072,1,16384,4.103139114379883,4.147368999999999,2.358674,1.240473,343.6788164662349,301.46445118396707,2,"void at::native::elementwise_kernel<128, 4, at::native::gpu_kernel_impl<at::native::direct_copy_kernel_cuda(at::TensorIteratorBase&)::{lambda()#3}::operator()() const::{lambda()#3}::operator()() const::{lambda(int)#1}>(at::TensorIteratorBase&, at::native::direct_copy_kernel_cuda(at::TensorIteratorBase&)::{lambda()#3}::operator()() const::{lambda()#3}::operator()() const::{lambda(int)#1} const&)::{lambda(int)#1}>(int, at::native::gpu_kernel_impl<at::native::direct_copy_kernel_cuda(at::TensorIteratorBase&)::{lambda()#3}::operator()() const::{lambda()#3}::operator()() const::{lambda(int)#1}>(at::TensorIteratorBase&, at::native::direct_copy_kernel_cuda(at::TensorIteratorBase&)::{lambda()#3}::operator()() const::{lambda()#3}::operator()() const::{lambda(int)#1} const&)::{lambda(int)#1})",copy/cast,copy_cast,02. copy_cast :: copy/cast,0.0026569999999999255
triton,ok,16384,expert_map_build,,0,/home/yangshen/.cache/huggingface/hub/models--tencent--HunyuanImage-3.0-Instruct/snapshots/2ec2c78bee7d4b94157341fba86c4c2c7b1858b2,15,0,1,4096,3072,1,16384,4.103139114379883,4.147368999999999,2.358674,1.240473,343.6788164662349,301.46445118396707,3,"void vllm::moe::moe_align_block_size_kernel<int>(int const*, int*, int*, int*, int*, int, int, int, int, unsigned long, int*, int, int, bool)",moe_align_block_size_kernel,expert_map_build,03. expert_map_build :: moe_align_block_size_kernel,0.008641000000000076
triton,ok,16384,expert_map_build,,0,/home/yangshen/.cache/huggingface/hub/models--tencent--HunyuanImage-3.0-Instruct/snapshots/2ec2c78bee7d4b94157341fba86c4c2c7b1858b2,15,0,1,4096,3072,1,16384,4.103139114379883,4.147368999999999,2.358674,1.240473,343.6788164662349,301.46445118396707,4,"void vllm::moe::count_and_sort_expert_tokens_kernel<int>(int const*, int*, int*, int*, unsigned long, int, int, int, bool)",count_and_sort_expert_tokens_kernel,expert_map_build,04. expert_map_build :: count_and_sort_expert_tokens_kernel,0.010878999999999906
triton,ok,16384,gemm1_gate_up_activation,,0,/home/yangshen/.cache/huggingface/hub/models--tencent--HunyuanImage-3.0-Instruct/snapshots/2ec2c78bee7d4b94157341fba86c4c2c7b1858b2,15,0,1,4096,3072,1,16384,4.103139114379883,4.147368999999999,2.358674,1.240473,343.6788164662349,301.46445118396707,5,fused_moe_kernel,triton::fused_moe_kernel<GEMM1_gate_up_activation>,gemm1_gate_up_activation,05. gemm1_gate_up_activation :: triton::fused_moe_kernel<GEMM1_gate_up_activation>,2.358674
triton,ok,16384,activation,,0,/home/yangshen/.cache/huggingface/hub/models--tencent--HunyuanImage-3.0-Instruct/snapshots/2ec2c78bee7d4b94157341fba86c4c2c7b1858b2,15,0,1,4096,3072,1,16384,4.103139114379883,4.147368999999999,2.358674,1.240473,343.6788164662349,301.46445118396707,6,"void vllm::act_and_mul_kernel<c10::BFloat16, __nv_bfloat162, &(c10::BFloat16 vllm::silu_kernel<c10::BFloat16>(c10::BFloat16 const&)), &(__nv_bfloat162 vllm::packed_silu_kernel<__nv_bfloat162>(__nv_bfloat162 const&)), true, true, false, true>(c10::BFloat16*, c10::BFloat16 const*, int, float)",act_and_mul_kernel,activation,06. activation :: act_and_mul_kernel,0.17612699999999995
triton,ok,16384,gemm2_down,,0,/home/yangshen/.cache/huggingface/hub/models--tencent--HunyuanImage-3.0-Instruct/snapshots/2ec2c78bee7d4b94157341fba86c4c2c7b1858b2,15,0,1,4096,3072,1,16384,4.103139114379883,4.147368999999999,2.358674,1.240473,343.6788164662349,301.46445118396707,7,fused_moe_kernel,triton::fused_moe_kernel<GEMM2_down>,gemm2_down,07. gemm2_down :: triton::fused_moe_kernel<GEMM2_down>,1.240473
triton,ok,16384,other,,0,/home/yangshen/.cache/huggingface/hub/models--tencent--HunyuanImage-3.0-Instruct/snapshots/2ec2c78bee7d4b94157341fba86c4c2c7b1858b2,15,0,1,4096,3072,1,16384,4.103139114379883,4.147368999999999,2.358674,1.240473,343.6788164662349,301.46445118396707,8,"void at::native::reduce_kernel<128, 4, at::native::ReduceOp<c10::BFloat16, at::native::func_wrapper_t<c10::BFloat16, at::native::sum_functor<c10::BFloat16, float, c10::BFloat16>::operator()(at::TensorIterator&)::{lambda(float, float)#1}>, unsigned int, c10::BFloat16, 4, 8> >(at::native::ReduceOp<c10::BFloat16, at::native::func_wrapper_t<c10::BFloat16, at::native::sum_functor<c10::BFloat16, float, c10::BFloat16>::operator()(at::TensorIterator&)::{lambda(float, float)#1}>, unsigned int, c10::BFloat16, 4, 8>)","void at::native::reduce_kernel<128, 4, at::native::ReduceOp<c10::BFloat16, at::native::func_wrapper_t<c10::BFloat16, at::native::sum_functor<c10::BFloat16, float, c10::BFloat16>::o",other,"08. other :: void at::native::reduce_kernel<128, 4, at::native::ReduceOp<c10::BFloat16, at::native::func_wrapper_t<c10::BFloat16, at::native::sum_functor<c10::BFloat16, float, c10::BFloat16>::o",0.18572699999999986
triton,ok,16384,memcpy,,0,/home/yangshen/.cache/huggingface/hub/models--tencent--HunyuanImage-3.0-Instruct/snapshots/2ec2c78bee7d4b94157341fba86c4c2c7b1858b2,15,0,1,4096,3072,1,16384,4.103139114379883,4.147368999999999,2.358674,1.240473,343.6788164662349,301.46445118396707,9,Memcpy DtoD (Device -> Device),Memcpy DtoD,memcpy,09. memcpy :: Memcpy DtoD,0.16211099999999987
triton,ok,32768,copy_cast,,0,/home/yangshen/.cache/huggingface/hub/models--tencent--HunyuanImage-3.0-Instruct/snapshots/2ec2c78bee7d4b94157341fba86c4c2c7b1858b2,15,0,1,4096,3072,1,32768,7.950267028808594,7.960687000000002,4.477765000000001,2.3452970000000004,362.57931739386214,311.1720843503206,1,"void at::native::elementwise_kernel<128, 2, at::native::gpu_kernel_impl_nocast<at::native::direct_copy_kernel_cuda(at::TensorIteratorBase&)::{lambda()#3}::operator()() const::{lambda()#7}::operator()() const::{lambda(float)#1}>(at::TensorIteratorBase&, at::native::direct_copy_kernel_cuda(at::TensorIteratorBase&)::{lambda()#3}::operator()() const::{lambda()#7}::operator()() const::{lambda(float)#1} const&)::{lambda(int)#1}>(int, at::native::gpu_kernel_impl_nocast<at::native::direct_copy_kernel_cuda(at::TensorIteratorBase&)::{lambda()#3}::operator()() const::{lambda()#7}::operator()() const::{lambda(float)#1}>(at::TensorIteratorBase&, at::native::direct_copy_kernel_cuda(at::TensorIteratorBase&)::{lambda()#3}::operator()() const::{lambda()#7}::operator()() const::{lambda(float)#1} const&)::{lambda(int)#1})",copy/cast,copy_cast,01. copy_cast :: copy/cast,0.00220799999999997
triton,ok,32768,copy_cast,,0,/home/yangshen/.cache/huggingface/hub/models--tencent--HunyuanImage-3.0-Instruct/snapshots/2ec2c78bee7d4b94157341fba86c4c2c7b1858b2,15,0,1,4096,3072,1,32768,7.950267028808594,7.960687000000002,4.477765000000001,2.3452970000000004,362.57931739386214,311.1720843503206,2,"void at::native::elementwise_kernel<128, 4, at::native::gpu_kernel_impl<at::native::direct_copy_kernel_cuda(at::TensorIteratorBase&)::{lambda()#3}::operator()() const::{lambda()#3}::operator()() const::{lambda(int)#1}>(at::TensorIteratorBase&, at::native::direct_copy_kernel_cuda(at::TensorIteratorBase&)::{lambda()#3}::operator()() const::{lambda()#3}::operator()() const::{lambda(int)#1} const&)::{lambda(int)#1}>(int, at::native::gpu_kernel_impl<at::native::direct_copy_kernel_cuda(at::TensorIteratorBase&)::{lambda()#3}::operator()() const::{lambda()#3}::operator()() const::{lambda(int)#1}>(at::TensorIteratorBase&, at::native::direct_copy_kernel_cuda(at::TensorIteratorBase&)::{lambda()#3}::operator()() const::{lambda()#3}::operator()() const::{lambda(int)#1} const&)::{lambda(int)#1})",copy/cast,copy_cast,02. copy_cast :: copy/cast,0.0024950000000000046
triton,ok,32768,expert_map_build,,0,/home/yangshen/.cache/huggingface/hub/models--tencent--HunyuanImage-3.0-Instruct/snapshots/2ec2c78bee7d4b94157341fba86c4c2c7b1858b2,15,0,1,4096,3072,1,32768,7.950267028808594,7.960687000000002,4.477765000000001,2.3452970000000004,362.57931739386214,311.1720843503206,3,"void vllm::moe::moe_align_block_size_kernel<int>(int const*, int*, int*, int*, int*, int, int, int, int, unsigned long, int*, int, int, bool)",moe_align_block_size_kernel,expert_map_build,03. expert_map_build :: moe_align_block_size_kernel,0.013695999999999913
triton,ok,32768,expert_map_build,,0,/home/yangshen/.cache/huggingface/hub/models--tencent--HunyuanImage-3.0-Instruct/snapshots/2ec2c78bee7d4b94157341fba86c4c2c7b1858b2,15,0,1,4096,3072,1,32768,7.950267028808594,7.960687000000002,4.477765000000001,2.3452970000000004,362.57931739386214,311.1720843503206,4,"void vllm::moe::count_and_sort_expert_tokens_kernel<int>(int const*, int*, int*, int*, unsigned long, int, int, int, bool)",count_and_sort_expert_tokens_kernel,expert_map_build,04. expert_map_build :: count_and_sort_expert_tokens_kernel,0.01929600000000005
triton,ok,32768,gemm1_gate_up_activation,,0,/home/yangshen/.cache/huggingface/hub/models--tencent--HunyuanImage-3.0-Instruct/snapshots/2ec2c78bee7d4b94157341fba86c4c2c7b1858b2,15,0,1,4096,3072,1,32768,7.950267028808594,7.960687000000002,4.477765000000001,2.3452970000000004,362.57931739386214,311.1720843503206,5,fused_moe_kernel,triton::fused_moe_kernel<GEMM1_gate_up_activation>,gemm1_gate_up_activation,05. gemm1_gate_up_activation :: triton::fused_moe_kernel<GEMM1_gate_up_activation>,4.477765000000001
triton,ok,32768,activation,,0,/home/yangshen/.cache/huggingface/hub/models--tencent--HunyuanImage-3.0-Instruct/snapshots/2ec2c78bee7d4b94157341fba86c4c2c7b1858b2,15,0,1,4096,3072,1,32768,7.950267028808594,7.960687000000002,4.477765000000001,2.3452970000000004,362.57931739386214,311.1720843503206,6,"void vllm::act_and_mul_kernel<c10::BFloat16, __nv_bfloat162, &(c10::BFloat16 vllm::silu_kernel<c10::BFloat16>(c10::BFloat16 const&)), &(__nv_bfloat162 vllm::packed_silu_kernel<__nv_bfloat162>(__nv_bfloat162 const&)), true, true, false, true>(c10::BFloat16*, c10::BFloat16 const*, int, float)",act_and_mul_kernel,activation,06. activation :: act_and_mul_kernel,0.3857580000000007
triton,ok,32768,gemm2_down,,0,/home/yangshen/.cache/huggingface/hub/models--tencent--HunyuanImage-3.0-Instruct/snapshots/2ec2c78bee7d4b94157341fba86c4c2c7b1858b2,15,0,1,4096,3072,1,32768,7.950267028808594,7.960687000000002,4.477765000000001,2.3452970000000004,362.57931739386214,311.1720843503206,7,fused_moe_kernel,triton::fused_moe_kernel<GEMM2_down>,gemm2_down,07. gemm2_down :: triton::fused_moe_kernel<GEMM2_down>,2.3452970000000004
triton,ok,32768,other,,0,/home/yangshen/.cache/huggingface/hub/models--tencent--HunyuanImage-3.0-Instruct/snapshots/2ec2c78bee7d4b94157341fba86c4c2c7b1858b2,15,0,1,4096,3072,1,32768,7.950267028808594,7.960687000000002,4.477765000000001,2.3452970000000004,362.57931739386214,311.1720843503206,8,"void at::native::reduce_kernel<128, 4, at::native::ReduceOp<c10::BFloat16, at::native::func_wrapper_t<c10::BFloat16, at::native::sum_functor<c10::BFloat16, float, c10::BFloat16>::operator()(at::TensorIterator&)::{lambda(float, float)#1}>, unsigned int, c10::BFloat16, 4, 8> >(at::native::ReduceOp<c10::BFloat16, at::native::func_wrapper_t<c10::BFloat16, at::native::sum_functor<c10::BFloat16, float, c10::BFloat16>::operator()(at::TensorIterator&)::{lambda(float, float)#1}>, unsigned int, c10::BFloat16, 4, 8>)","void at::native::reduce_kernel<128, 4, at::native::ReduceOp<c10::BFloat16, at::native::func_wrapper_t<c10::BFloat16, at::native::sum_functor<c10::BFloat16, float, c10::BFloat16>::o",other,"08. other :: void at::native::reduce_kernel<128, 4, at::native::ReduceOp<c10::BFloat16, at::native::func_wrapper_t<c10::BFloat16, at::native::sum_functor<c10::BFloat16, float, c10::BFloat16>::o",0.36908600000000114
triton,ok,32768,memcpy,,0,/home/yangshen/.cache/huggingface/hub/models--tencent--HunyuanImage-3.0-Instruct/snapshots/2ec2c78bee7d4b94157341fba86c4c2c7b1858b2,15,0,1,4096,3072,1,32768,7.950267028808594,7.960687000000002,4.477765000000001,2.3452970000000004,362.57931739386214,311.1720843503206,9,Memcpy DtoD (Device -> Device),Memcpy DtoD,memcpy,09. memcpy :: Memcpy DtoD,0.34508599999999934
triton,ok,65536,copy_cast,,0,/home/yangshen/.cache/huggingface/hub/models--tencent--HunyuanImage-3.0-Instruct/snapshots/2ec2c78bee7d4b94157341fba86c4c2c7b1858b2,15,0,1,4096,3072,1,65536,16.090922546386718,16.004447,8.986062,4.687350999999999,361.8556921371423,307.49028284292183,1,"void at::native::elementwise_kernel<128, 2, at::native::gpu_kernel_impl_nocast<at::native::direct_copy_kernel_cuda(at::TensorIteratorBase&)::{lambda()#3}::operator()() const::{lambda()#7}::operator()() const::{lambda(float)#1}>(at::TensorIteratorBase&, at::native::direct_copy_kernel_cuda(at::TensorIteratorBase&)::{lambda()#3}::operator()() const::{lambda()#7}::operator()() const::{lambda(float)#1} const&)::{lambda(int)#1}>(int, at::native::gpu_kernel_impl_nocast<at::native::direct_copy_kernel_cuda(at::TensorIteratorBase&)::{lambda()#3}::operator()() const::{lambda()#7}::operator()() const::{lambda(float)#1}>(at::TensorIteratorBase&, at::native::direct_copy_kernel_cuda(at::TensorIteratorBase&)::{lambda()#3}::operator()() const::{lambda()#7}::operator()() const::{lambda(float)#1} const&)::{lambda(int)#1})",copy/cast,copy_cast,01. copy_cast :: copy/cast,0.002432000000000016
triton,ok,65536,copy_cast,,0,/home/yangshen/.cache/huggingface/hub/models--tencent--HunyuanImage-3.0-Instruct/snapshots/2ec2c78bee7d4b94157341fba86c4c2c7b1858b2,15,0,1,4096,3072,1,65536,16.090922546386718,16.004447,8.986062,4.687350999999999,361.8556921371423,307.49028284292183,2,"void at::native::elementwise_kernel<128, 4, at::native::gpu_kernel_impl<at::native::direct_copy_kernel_cuda(at::TensorIteratorBase&)::{lambda()#3}::operator()() const::{lambda()#3}::operator()() const::{lambda(int)#1}>(at::TensorIteratorBase&, at::native::direct_copy_kernel_cuda(at::TensorIteratorBase&)::{lambda()#3}::operator()() const::{lambda()#3}::operator()() const::{lambda(int)#1} const&)::{lambda(int)#1}>(int, at::native::gpu_kernel_impl<at::native::direct_copy_kernel_cuda(at::TensorIteratorBase&)::{lambda()#3}::operator()() const::{lambda()#3}::operator()() const::{lambda(int)#1}>(at::TensorIteratorBase&, at::native::direct_copy_kernel_cuda(at::TensorIteratorBase&)::{lambda()#3}::operator()() const::{lambda()#3}::operator()() const::{lambda(int)#1} const&)::{lambda(int)#1})",copy/cast,copy_cast,02. copy_cast :: copy/cast,0.0024629999999999657
triton,ok,65536,expert_map_build,,0,/home/yangshen/.cache/huggingface/hub/models--tencent--HunyuanImage-3.0-Instruct/snapshots/2ec2c78bee7d4b94157341fba86c4c2c7b1858b2,15,0,1,4096,3072,1,65536,16.090922546386718,16.004447,8.986062,4.687350999999999,361.8556921371423,307.49028284292183,3,"void vllm::moe::moe_align_block_size_kernel<int>(int const*, int*, int*, int*, int*, int, int, int, int, unsigned long, int*, int, int, bool)",moe_align_block_size_kernel,expert_map_build,03. expert_map_build :: moe_align_block_size_kernel,0.024927999999999884
triton,ok,65536,expert_map_build,,0,/home/yangshen/.cache/huggingface/hub/models--tencent--HunyuanImage-3.0-Instruct/snapshots/2ec2c78bee7d4b94157341fba86c4c2c7b1858b2,15,0,1,4096,3072,1,65536,16.090922546386718,16.004447,8.986062,4.687350999999999,361.8556921371423,307.49028284292183,4,"void vllm::moe::count_and_sort_expert_tokens_kernel<int>(int const*, int*, int*, int*, unsigned long, int, int, int, bool)",count_and_sort_expert_tokens_kernel,expert_map_build,04. expert_map_build :: count_and_sort_expert_tokens_kernel,0.03744000000000006
triton,ok,65536,gemm1_gate_up_activation,,0,/home/yangshen/.cache/huggingface/hub/models--tencent--HunyuanImage-3.0-Instruct/snapshots/2ec2c78bee7d4b94157341fba86c4c2c7b1858b2,15,0,1,4096,3072,1,65536,16.090922546386718,16.004447,8.986062,4.687350999999999,361.8556921371423,307.49028284292183,5,fused_moe_kernel,triton::fused_moe_kernel<GEMM1_gate_up_activation>,gemm1_gate_up_activation,05. gemm1_gate_up_activation :: triton::fused_moe_kernel<GEMM1_gate_up_activation>,8.986062
triton,ok,65536,activation,,0,/home/yangshen/.cache/huggingface/hub/models--tencent--HunyuanImage-3.0-Instruct/snapshots/2ec2c78bee7d4b94157341fba86c4c2c7b1858b2,15,0,1,4096,3072,1,65536,16.090922546386718,16.004447,8.986062,4.687350999999999,361.8556921371423,307.49028284292183,6,"void vllm::act_and_mul_kernel<c10::BFloat16, __nv_bfloat162, &(c10::BFloat16 vllm::silu_kernel<c10::BFloat16>(c10::BFloat16 const&)), &(__nv_bfloat162 vllm::packed_silu_kernel<__nv_bfloat162>(__nv_bfloat162 const&)), true, true, false, true>(c10::BFloat16*, c10::BFloat16 const*, int, float)",act_and_mul_kernel,activation,06. activation :: act_and_mul_kernel,0.7953259999999991
triton,ok,65536,gemm2_down,,0,/home/yangshen/.cache/huggingface/hub/models--tencent--HunyuanImage-3.0-Instruct/snapshots/2ec2c78bee7d4b94157341fba86c4c2c7b1858b2,15,0,1,4096,3072,1,65536,16.090922546386718,16.004447,8.986062,4.687350999999999,361.8556921371423,307.49028284292183,7,fused_moe_kernel,triton::fused_moe_kernel<GEMM2_down>,gemm2_down,07. gemm2_down :: triton::fused_moe_kernel<GEMM2_down>,4.687350999999999
triton,ok,65536,other,,0,/home/yangshen/.cache/huggingface/hub/models--tencent--HunyuanImage-3.0-Instruct/snapshots/2ec2c78bee7d4b94157341fba86c4c2c7b1858b2,15,0,1,4096,3072,1,65536,16.090922546386718,16.004447,8.986062,4.687350999999999,361.8556921371423,307.49028284292183,8,"void at::native::reduce_kernel<128, 4, at::native::ReduceOp<c10::BFloat16, at::native::func_wrapper_t<c10::BFloat16, at::native::sum_functor<c10::BFloat16, float, c10::BFloat16>::operator()(at::TensorIterator&)::{lambda(float, float)#1}>, unsigned int, c10::BFloat16, 4, 8> >(at::native::ReduceOp<c10::BFloat16, at::native::func_wrapper_t<c10::BFloat16, at::native::sum_functor<c10::BFloat16, float, c10::BFloat16>::operator()(at::TensorIterator&)::{lambda(float, float)#1}>, unsigned int, c10::BFloat16, 4, 8>)","void at::native::reduce_kernel<128, 4, at::native::ReduceOp<c10::BFloat16, at::native::func_wrapper_t<c10::BFloat16, at::native::sum_functor<c10::BFloat16, float, c10::BFloat16>::o",other,"08. other :: void at::native::reduce_kernel<128, 4, at::native::ReduceOp<c10::BFloat16, at::native::func_wrapper_t<c10::BFloat16, at::native::sum_functor<c10::BFloat16, float, c10::BFloat16>::o",0.7504939999999988
triton,ok,65536,memcpy,,0,/home/yangshen/.cache/huggingface/hub/models--tencent--HunyuanImage-3.0-Instruct/snapshots/2ec2c78bee7d4b94157341fba86c4c2c7b1858b2,15,0,1,4096,3072,1,65536,16.090922546386718,16.004447,8.986062,4.687350999999999,361.8556921371423,307.49028284292183,9,Memcpy DtoD (Device -> Device),Memcpy DtoD,memcpy,09. memcpy :: Memcpy DtoD,0.7179510000000009
deep_gemm,failed,,,"INFO 05-13 23:35:57 [nixl_utils.py:20] Setting UCX_RCACHE_MAX_UNRELEASED to '1024' to avoid a rare memory leak in UCX when using NIXL.
WARNING 05-13 23:35:57 [nixl_utils.py:34] NIXL is not available
WARNING 05-13 23:35:57 [nixl_utils.py:44] NIXL agent config is not available
INFO 05-13 23:35:58 [scheduler.py:239] Chunked prefill is enabled with max_num_batched_tokens=65536.
INFO 05-13 23:35:58 [vllm.py:840] Asynchronous scheduling is enabled.
INFO 05-13 23:35:58 [kernel.py:205] Final IR op priority after setting platform defaults: IrOpPriorityConfig(rms_norm=['native'])


Fetching 86 files:   0%|          | 0/86 [00:00<?, ?it/s]
Fetching 86 files: 100%|██████████| 86/86 [00:00<00:00, 18242.56it/s]
Traceback (most recent call last):
  File ""/mnt/raid0nvme0/yangshen/code/vllm-omni-uad/docs/uad/script/profile_hunyuan_moe_topk1_single_expert.py"", line 167, in <module>
    main()
  File ""/mnt/raid0nvme0/yangshen/code/vllm-omni-uad/docs/uad/script/profile_hunyuan_moe_topk1_single_expert.py"", line 79, in main
    model_dir, cfg, vllm_config, _, _ = moe_profile.setup_model(args, max(tokens_list), device)
                                        ^^^^^^^^^^^^^^^^^^^^^^^^^^^^^^^^^^^^^^^^^^^^^^^^^^^^^^^
  File ""/mnt/raid0nvme0/yangshen/code/vllm-omni-uad/docs/uad/script/profile_hunyuan_moe_kernels_html.py"", line 152, in setup_model
    moe = real_moe.create_fused_moe(
          ^^^^^^^^^^^^^^^^^^^^^^^^^^
  File ""/mnt/raid0nvme0/yangshen/code/vllm-omni-uad/docs/uad/script/bench_hunyuan_real_moe.py"", line 120, in create_fused_moe
    moe = FusedMoE(
          ^^^^^^^^^
  File ""/mnt/raid0nvme0/yangshen/code/vllm-omni-uad/.venv/lib/python3.12/site-packages/vllm/model_executor/layers/fused_moe/layer.py"", line 539, in __init__
    self.quant_method: FusedMoEMethodBase = _get_quant_method()
                                            ^^^^^^^^^^^^^^^^^^^
  File ""/mnt/raid0nvme0/yangshen/code/vllm-omni-uad/.venv/lib/python3.12/site-packages/vllm/model_executor/layers/fused_moe/layer.py"", line 533, in _get_quant_method
    quant_method = UnquantizedFusedMoEMethod(self.moe_config)
                   ^^^^^^^^^^^^^^^^^^^^^^^^^^^^^^^^^^^^^^^^^^
  File ""/mnt/raid0nvme0/yangshen/code/vllm-omni-uad/.venv/lib/python3.12/site-packages/vllm/model_executor/layers/fused_moe/unquantized_fused_moe_method.py"", line 48, in __init__
    self.unquantized_backend, self.experts_cls = select_unquantized_moe_backend(
                                                 ^^^^^^^^^^^^^^^^^^^^^^^^^^^^^^^
  File ""/mnt/raid0nvme0/yangshen/code/vllm-omni-uad/.venv/lib/python3.12/site-packages/vllm/model_executor/layers/fused_moe/oracle/unquantized.py"", line 219, in select_unquantized_moe_backend
    requested_backend = map_unquantized_backend(runner_backend)
                        ^^^^^^^^^^^^^^^^^^^^^^^^^^^^^^^^^^^^^^^
  File ""/mnt/raid0nvme0/yangshen/code/vllm-omni-uad/.venv/lib/python3.12/site-packages/vllm/model_executor/layers/fused_moe/oracle/unquantized.py"", line 142, in map_unquantized_backend
    raise ValueError(
ValueError: moe_backend='deep_gemm' is not supported for unquantized MoE. Expected one of ['triton', 'flashinfer_trtllm', 'flashinfer_cutlass', 'aiter'].",1,,,,,,,,,,,,,,,,,,,,
deep_gemm_mega_moe,failed,,,"INFO 05-13 23:36:04 [nixl_utils.py:20] Setting UCX_RCACHE_MAX_UNRELEASED to '1024' to avoid a rare memory leak in UCX when using NIXL.
WARNING 05-13 23:36:04 [nixl_utils.py:34] NIXL is not available
WARNING 05-13 23:36:04 [nixl_utils.py:44] NIXL agent config is not available
INFO 05-13 23:36:05 [scheduler.py:239] Chunked prefill is enabled with max_num_batched_tokens=65536.
INFO 05-13 23:36:05 [vllm.py:840] Asynchronous scheduling is enabled.
INFO 05-13 23:36:05 [kernel.py:205] Final IR op priority after setting platform defaults: IrOpPriorityConfig(rms_norm=['native'])


Fetching 86 files:   0%|          | 0/86 [00:00<?, ?it/s]
Fetching 86 files: 100%|██████████| 86/86 [00:00<00:00, 13278.98it/s]
Traceback (most recent call last):
  File ""/mnt/raid0nvme0/yangshen/code/vllm-omni-uad/docs/uad/script/profile_hunyuan_moe_topk1_single_expert.py"", line 167, in <module>
    main()
  File ""/mnt/raid0nvme0/yangshen/code/vllm-omni-uad/docs/uad/script/profile_hunyuan_moe_topk1_single_expert.py"", line 79, in main
    model_dir, cfg, vllm_config, _, _ = moe_profile.setup_model(args, max(tokens_list), device)
                                        ^^^^^^^^^^^^^^^^^^^^^^^^^^^^^^^^^^^^^^^^^^^^^^^^^^^^^^^
  File ""/mnt/raid0nvme0/yangshen/code/vllm-omni-uad/docs/uad/script/profile_hunyuan_moe_kernels_html.py"", line 152, in setup_model
    moe = real_moe.create_fused_moe(
          ^^^^^^^^^^^^^^^^^^^^^^^^^^
  File ""/mnt/raid0nvme0/yangshen/code/vllm-omni-uad/docs/uad/script/bench_hunyuan_real_moe.py"", line 120, in create_fused_moe
    moe = FusedMoE(
          ^^^^^^^^^
  File ""/mnt/raid0nvme0/yangshen/code/vllm-omni-uad/.venv/lib/python3.12/site-packages/vllm/model_executor/layers/fused_moe/layer.py"", line 539, in __init__
    self.quant_method: FusedMoEMethodBase = _get_quant_method()
                                            ^^^^^^^^^^^^^^^^^^^
  File ""/mnt/raid0nvme0/yangshen/code/vllm-omni-uad/.venv/lib/python3.12/site-packages/vllm/model_executor/layers/fused_moe/layer.py"", line 533, in _get_quant_method
    quant_method = UnquantizedFusedMoEMethod(self.moe_config)
                   ^^^^^^^^^^^^^^^^^^^^^^^^^^^^^^^^^^^^^^^^^^
  File ""/mnt/raid0nvme0/yangshen/code/vllm-omni-uad/.venv/lib/python3.12/site-packages/vllm/model_executor/layers/fused_moe/unquantized_fused_moe_method.py"", line 48, in __init__
    self.unquantized_backend, self.experts_cls = select_unquantized_moe_backend(
                                                 ^^^^^^^^^^^^^^^^^^^^^^^^^^^^^^^
  File ""/mnt/raid0nvme0/yangshen/code/vllm-omni-uad/.venv/lib/python3.12/site-packages/vllm/model_executor/layers/fused_moe/oracle/unquantized.py"", line 219, in select_unquantized_moe_backend
    requested_backend = map_unquantized_backend(runner_backend)
                        ^^^^^^^^^^^^^^^^^^^^^^^^^^^^^^^^^^^^^^^
  File ""/mnt/raid0nvme0/yangshen/code/vllm-omni-uad/.venv/lib/python3.12/site-packages/vllm/model_executor/layers/fused_moe/oracle/unquantized.py"", line 142, in map_unquantized_backend
    raise ValueError(
ValueError: moe_backend='deep_gemm_mega_moe' is not supported for unquantized MoE. Expected one of ['triton', 'flashinfer_trtllm', 'flashinfer_cutlass', 'aiter'].",1,,,,,,,,,,,,,,,,,,,,
cutlass,failed,,,"INFO 05-13 23:36:11 [nixl_utils.py:20] Setting UCX_RCACHE_MAX_UNRELEASED to '1024' to avoid a rare memory leak in UCX when using NIXL.
WARNING 05-13 23:36:11 [nixl_utils.py:34] NIXL is not available
WARNING 05-13 23:36:11 [nixl_utils.py:44] NIXL agent config is not available
INFO 05-13 23:36:12 [scheduler.py:239] Chunked prefill is enabled with max_num_batched_tokens=65536.
INFO 05-13 23:36:12 [vllm.py:840] Asynchronous scheduling is enabled.
INFO 05-13 23:36:12 [kernel.py:205] Final IR op priority after setting platform defaults: IrOpPriorityConfig(rms_norm=['native'])


Fetching 86 files:   0%|          | 0/86 [00:00<?, ?it/s]
Fetching 86 files: 100%|██████████| 86/86 [00:00<00:00, 14443.43it/s]
Traceback (most recent call last):
  File ""/mnt/raid0nvme0/yangshen/code/vllm-omni-uad/docs/uad/script/profile_hunyuan_moe_topk1_single_expert.py"", line 167, in <module>
    main()
  File ""/mnt/raid0nvme0/yangshen/code/vllm-omni-uad/docs/uad/script/profile_hunyuan_moe_topk1_single_expert.py"", line 79, in main
    model_dir, cfg, vllm_config, _, _ = moe_profile.setup_model(args, max(tokens_list), device)
                                        ^^^^^^^^^^^^^^^^^^^^^^^^^^^^^^^^^^^^^^^^^^^^^^^^^^^^^^^
  File ""/mnt/raid0nvme0/yangshen/code/vllm-omni-uad/docs/uad/script/profile_hunyuan_moe_kernels_html.py"", line 152, in setup_model
    moe = real_moe.create_fused_moe(
          ^^^^^^^^^^^^^^^^^^^^^^^^^^
  File ""/mnt/raid0nvme0/yangshen/code/vllm-omni-uad/docs/uad/script/bench_hunyuan_real_moe.py"", line 120, in create_fused_moe
    moe = FusedMoE(
          ^^^^^^^^^
  File ""/mnt/raid0nvme0/yangshen/code/vllm-omni-uad/.venv/lib/python3.12/site-packages/vllm/model_executor/layers/fused_moe/layer.py"", line 539, in __init__
    self.quant_method: FusedMoEMethodBase = _get_quant_method()
                                            ^^^^^^^^^^^^^^^^^^^
  File ""/mnt/raid0nvme0/yangshen/code/vllm-omni-uad/.venv/lib/python3.12/site-packages/vllm/model_executor/layers/fused_moe/layer.py"", line 533, in _get_quant_method
    quant_method = UnquantizedFusedMoEMethod(self.moe_config)
                   ^^^^^^^^^^^^^^^^^^^^^^^^^^^^^^^^^^^^^^^^^^
  File ""/mnt/raid0nvme0/yangshen/code/vllm-omni-uad/.venv/lib/python3.12/site-packages/vllm/model_executor/layers/fused_moe/unquantized_fused_moe_method.py"", line 48, in __init__
    self.unquantized_backend, self.experts_cls = select_unquantized_moe_backend(
                                                 ^^^^^^^^^^^^^^^^^^^^^^^^^^^^^^^
  File ""/mnt/raid0nvme0/yangshen/code/vllm-omni-uad/.venv/lib/python3.12/site-packages/vllm/model_executor/layers/fused_moe/oracle/unquantized.py"", line 219, in select_unquantized_moe_backend
    requested_backend = map_unquantized_backend(runner_backend)
                        ^^^^^^^^^^^^^^^^^^^^^^^^^^^^^^^^^^^^^^^
  File ""/mnt/raid0nvme0/yangshen/code/vllm-omni-uad/.venv/lib/python3.12/site-packages/vllm/model_executor/layers/fused_moe/oracle/unquantized.py"", line 142, in map_unquantized_backend
    raise ValueError(
ValueError: moe_backend='cutlass' is not supported for unquantized MoE. Expected one of ['triton', 'flashinfer_trtllm', 'flashinfer_cutlass', 'aiter'].",1,,,,,,,,,,,,,,,,,,,,
flashinfer_cutedsl,failed,,,"INFO 05-13 23:36:18 [nixl_utils.py:20] Setting UCX_RCACHE_MAX_UNRELEASED to '1024' to avoid a rare memory leak in UCX when using NIXL.
WARNING 05-13 23:36:18 [nixl_utils.py:34] NIXL is not available
WARNING 05-13 23:36:18 [nixl_utils.py:44] NIXL agent config is not available
INFO 05-13 23:36:19 [scheduler.py:239] Chunked prefill is enabled with max_num_batched_tokens=65536.
INFO 05-13 23:36:19 [vllm.py:840] Asynchronous scheduling is enabled.
INFO 05-13 23:36:19 [kernel.py:205] Final IR op priority after setting platform defaults: IrOpPriorityConfig(rms_norm=['native'])


Fetching 86 files:   0%|          | 0/86 [00:00<?, ?it/s]
Fetching 86 files: 100%|██████████| 86/86 [00:00<00:00, 16825.74it/s]
Traceback (most recent call last):
  File ""/mnt/raid0nvme0/yangshen/code/vllm-omni-uad/docs/uad/script/profile_hunyuan_moe_topk1_single_expert.py"", line 167, in <module>
    main()
  File ""/mnt/raid0nvme0/yangshen/code/vllm-omni-uad/docs/uad/script/profile_hunyuan_moe_topk1_single_expert.py"", line 79, in main
    model_dir, cfg, vllm_config, _, _ = moe_profile.setup_model(args, max(tokens_list), device)
                                        ^^^^^^^^^^^^^^^^^^^^^^^^^^^^^^^^^^^^^^^^^^^^^^^^^^^^^^^
  File ""/mnt/raid0nvme0/yangshen/code/vllm-omni-uad/docs/uad/script/profile_hunyuan_moe_kernels_html.py"", line 152, in setup_model
    moe = real_moe.create_fused_moe(
          ^^^^^^^^^^^^^^^^^^^^^^^^^^
  File ""/mnt/raid0nvme0/yangshen/code/vllm-omni-uad/docs/uad/script/bench_hunyuan_real_moe.py"", line 120, in create_fused_moe
    moe = FusedMoE(
          ^^^^^^^^^
  File ""/mnt/raid0nvme0/yangshen/code/vllm-omni-uad/.venv/lib/python3.12/site-packages/vllm/model_executor/layers/fused_moe/layer.py"", line 539, in __init__
    self.quant_method: FusedMoEMethodBase = _get_quant_method()
                                            ^^^^^^^^^^^^^^^^^^^
  File ""/mnt/raid0nvme0/yangshen/code/vllm-omni-uad/.venv/lib/python3.12/site-packages/vllm/model_executor/layers/fused_moe/layer.py"", line 533, in _get_quant_method
    quant_method = UnquantizedFusedMoEMethod(self.moe_config)
                   ^^^^^^^^^^^^^^^^^^^^^^^^^^^^^^^^^^^^^^^^^^
  File ""/mnt/raid0nvme0/yangshen/code/vllm-omni-uad/.venv/lib/python3.12/site-packages/vllm/model_executor/layers/fused_moe/unquantized_fused_moe_method.py"", line 48, in __init__
    self.unquantized_backend, self.experts_cls = select_unquantized_moe_backend(
                                                 ^^^^^^^^^^^^^^^^^^^^^^^^^^^^^^^
  File ""/mnt/raid0nvme0/yangshen/code/vllm-omni-uad/.venv/lib/python3.12/site-packages/vllm/model_executor/layers/fused_moe/oracle/unquantized.py"", line 219, in select_unquantized_moe_backend
    requested_backend = map_unquantized_backend(runner_backend)
                        ^^^^^^^^^^^^^^^^^^^^^^^^^^^^^^^^^^^^^^^
  File ""/mnt/raid0nvme0/yangshen/code/vllm-omni-uad/.venv/lib/python3.12/site-packages/vllm/model_executor/layers/fused_moe/oracle/unquantized.py"", line 142, in map_unquantized_backend
    raise ValueError(
ValueError: moe_backend='flashinfer_cutedsl' is not supported for unquantized MoE. Expected one of ['triton', 'flashinfer_trtllm', 'flashinfer_cutlass', 'aiter'].",1,,,,,,,,,,,,,,,,,,,,
marlin,failed,,,"INFO 05-13 23:36:26 [nixl_utils.py:20] Setting UCX_RCACHE_MAX_UNRELEASED to '1024' to avoid a rare memory leak in UCX when using NIXL.
WARNING 05-13 23:36:26 [nixl_utils.py:34] NIXL is not available
WARNING 05-13 23:36:26 [nixl_utils.py:44] NIXL agent config is not available
INFO 05-13 23:36:26 [scheduler.py:239] Chunked prefill is enabled with max_num_batched_tokens=65536.
INFO 05-13 23:36:27 [vllm.py:840] Asynchronous scheduling is enabled.
INFO 05-13 23:36:27 [kernel.py:205] Final IR op priority after setting platform defaults: IrOpPriorityConfig(rms_norm=['native'])


Fetching 86 files:   0%|          | 0/86 [00:00<?, ?it/s]
Fetching 86 files: 100%|██████████| 86/86 [00:00<00:00, 18548.37it/s]
Traceback (most recent call last):
  File ""/mnt/raid0nvme0/yangshen/code/vllm-omni-uad/docs/uad/script/profile_hunyuan_moe_topk1_single_expert.py"", line 167, in <module>
    main()
  File ""/mnt/raid0nvme0/yangshen/code/vllm-omni-uad/docs/uad/script/profile_hunyuan_moe_topk1_single_expert.py"", line 79, in main
    model_dir, cfg, vllm_config, _, _ = moe_profile.setup_model(args, max(tokens_list), device)
                                        ^^^^^^^^^^^^^^^^^^^^^^^^^^^^^^^^^^^^^^^^^^^^^^^^^^^^^^^
  File ""/mnt/raid0nvme0/yangshen/code/vllm-omni-uad/docs/uad/script/profile_hunyuan_moe_kernels_html.py"", line 152, in setup_model
    moe = real_moe.create_fused_moe(
          ^^^^^^^^^^^^^^^^^^^^^^^^^^
  File ""/mnt/raid0nvme0/yangshen/code/vllm-omni-uad/docs/uad/script/bench_hunyuan_real_moe.py"", line 120, in create_fused_moe
    moe = FusedMoE(
          ^^^^^^^^^
  File ""/mnt/raid0nvme0/yangshen/code/vllm-omni-uad/.venv/lib/python3.12/site-packages/vllm/model_executor/layers/fused_moe/layer.py"", line 539, in __init__
    self.quant_method: FusedMoEMethodBase = _get_quant_method()
                                            ^^^^^^^^^^^^^^^^^^^
  File ""/mnt/raid0nvme0/yangshen/code/vllm-omni-uad/.venv/lib/python3.12/site-packages/vllm/model_executor/layers/fused_moe/layer.py"", line 533, in _get_quant_method
    quant_method = UnquantizedFusedMoEMethod(self.moe_config)
                   ^^^^^^^^^^^^^^^^^^^^^^^^^^^^^^^^^^^^^^^^^^
  File ""/mnt/raid0nvme0/yangshen/code/vllm-omni-uad/.venv/lib/python3.12/site-packages/vllm/model_executor/layers/fused_moe/unquantized_fused_moe_method.py"", line 48, in __init__
    self.unquantized_backend, self.experts_cls = select_unquantized_moe_backend(
                                                 ^^^^^^^^^^^^^^^^^^^^^^^^^^^^^^^
  File ""/mnt/raid0nvme0/yangshen/code/vllm-omni-uad/.venv/lib/python3.12/site-packages/vllm/model_executor/layers/fused_moe/oracle/unquantized.py"", line 219, in select_unquantized_moe_backend
    requested_backend = map_unquantized_backend(runner_backend)
                        ^^^^^^^^^^^^^^^^^^^^^^^^^^^^^^^^^^^^^^^
  File ""/mnt/raid0nvme0/yangshen/code/vllm-omni-uad/.venv/lib/python3.12/site-packages/vllm/model_executor/layers/fused_moe/oracle/unquantized.py"", line 142, in map_unquantized_backend
    raise ValueError(
ValueError: moe_backend='marlin' is not supported for unquantized MoE. Expected one of ['triton', 'flashinfer_trtllm', 'flashinfer_cutlass', 'aiter'].",1,,,,,,,,,,,,,,,,,,,,
aiter,failed,,,"INFO 05-13 23:36:33 [nixl_utils.py:20] Setting UCX_RCACHE_MAX_UNRELEASED to '1024' to avoid a rare memory leak in UCX when using NIXL.
WARNING 05-13 23:36:33 [nixl_utils.py:34] NIXL is not available
WARNING 05-13 23:36:33 [nixl_utils.py:44] NIXL agent config is not available
INFO 05-13 23:36:33 [scheduler.py:239] Chunked prefill is enabled with max_num_batched_tokens=65536.
INFO 05-13 23:36:33 [vllm.py:840] Asynchronous scheduling is enabled.
INFO 05-13 23:36:33 [kernel.py:205] Final IR op priority after setting platform defaults: IrOpPriorityConfig(rms_norm=['native'])


Fetching 86 files:   0%|          | 0/86 [00:00<?, ?it/s]
Fetching 86 files: 100%|██████████| 86/86 [00:00<00:00, 13923.27it/s]
Traceback (most recent call last):
  File ""/mnt/raid0nvme0/yangshen/code/vllm-omni-uad/docs/uad/script/profile_hunyuan_moe_topk1_single_expert.py"", line 167, in <module>
    main()
  File ""/mnt/raid0nvme0/yangshen/code/vllm-omni-uad/docs/uad/script/profile_hunyuan_moe_topk1_single_expert.py"", line 79, in main
    model_dir, cfg, vllm_config, _, _ = moe_profile.setup_model(args, max(tokens_list), device)
                                        ^^^^^^^^^^^^^^^^^^^^^^^^^^^^^^^^^^^^^^^^^^^^^^^^^^^^^^^
  File ""/mnt/raid0nvme0/yangshen/code/vllm-omni-uad/docs/uad/script/profile_hunyuan_moe_kernels_html.py"", line 152, in setup_model
    moe = real_moe.create_fused_moe(
          ^^^^^^^^^^^^^^^^^^^^^^^^^^
  File ""/mnt/raid0nvme0/yangshen/code/vllm-omni-uad/docs/uad/script/bench_hunyuan_real_moe.py"", line 120, in create_fused_moe
    moe = FusedMoE(
          ^^^^^^^^^
  File ""/mnt/raid0nvme0/yangshen/code/vllm-omni-uad/.venv/lib/python3.12/site-packages/vllm/model_executor/layers/fused_moe/layer.py"", line 539, in __init__
    self.quant_method: FusedMoEMethodBase = _get_quant_method()
                                            ^^^^^^^^^^^^^^^^^^^
  File ""/mnt/raid0nvme0/yangshen/code/vllm-omni-uad/.venv/lib/python3.12/site-packages/vllm/model_executor/layers/fused_moe/layer.py"", line 533, in _get_quant_method
    quant_method = UnquantizedFusedMoEMethod(self.moe_config)
                   ^^^^^^^^^^^^^^^^^^^^^^^^^^^^^^^^^^^^^^^^^^
  File ""/mnt/raid0nvme0/yangshen/code/vllm-omni-uad/.venv/lib/python3.12/site-packages/vllm/model_executor/layers/fused_moe/unquantized_fused_moe_method.py"", line 48, in __init__
    self.unquantized_backend, self.experts_cls = select_unquantized_moe_backend(
                                                 ^^^^^^^^^^^^^^^^^^^^^^^^^^^^^^^
  File ""/mnt/raid0nvme0/yangshen/code/vllm-omni-uad/.venv/lib/python3.12/site-packages/vllm/model_executor/layers/fused_moe/oracle/unquantized.py"", line 226, in select_unquantized_moe_backend
    return _return_or_raise(requested_backend, moe_config, activation_format)
           ^^^^^^^^^^^^^^^^^^^^^^^^^^^^^^^^^^^^^^^^^^^^^^^^^^^^^^^^^^^^^^^^^^
  File ""/mnt/raid0nvme0/yangshen/code/vllm-omni-uad/.venv/lib/python3.12/site-packages/vllm/model_executor/layers/fused_moe/oracle/unquantized.py"", line 215, in _return_or_raise
    raise ValueError(_make_log_unsupported(backend, reason))
ValueError: Unquantized MoE backend ROCm AITER does not support the deployment configuration since kernel does not support current device cuda.",1,,,,,,,,,,,,,,,,,,,,
emulation,failed,,,"INFO 05-13 23:36:39 [nixl_utils.py:20] Setting UCX_RCACHE_MAX_UNRELEASED to '1024' to avoid a rare memory leak in UCX when using NIXL.
WARNING 05-13 23:36:39 [nixl_utils.py:34] NIXL is not available
WARNING 05-13 23:36:39 [nixl_utils.py:44] NIXL agent config is not available
INFO 05-13 23:36:40 [scheduler.py:239] Chunked prefill is enabled with max_num_batched_tokens=65536.
INFO 05-13 23:36:40 [vllm.py:840] Asynchronous scheduling is enabled.
INFO 05-13 23:36:40 [kernel.py:205] Final IR op priority after setting platform defaults: IrOpPriorityConfig(rms_norm=['native'])


Fetching 86 files:   0%|          | 0/86 [00:00<?, ?it/s]
Fetching 86 files: 100%|██████████| 86/86 [00:00<00:00, 15411.01it/s]
Traceback (most recent call last):
  File ""/mnt/raid0nvme0/yangshen/code/vllm-omni-uad/docs/uad/script/profile_hunyuan_moe_topk1_single_expert.py"", line 167, in <module>
    main()
  File ""/mnt/raid0nvme0/yangshen/code/vllm-omni-uad/docs/uad/script/profile_hunyuan_moe_topk1_single_expert.py"", line 79, in main
    model_dir, cfg, vllm_config, _, _ = moe_profile.setup_model(args, max(tokens_list), device)
                                        ^^^^^^^^^^^^^^^^^^^^^^^^^^^^^^^^^^^^^^^^^^^^^^^^^^^^^^^
  File ""/mnt/raid0nvme0/yangshen/code/vllm-omni-uad/docs/uad/script/profile_hunyuan_moe_kernels_html.py"", line 152, in setup_model
    moe = real_moe.create_fused_moe(
          ^^^^^^^^^^^^^^^^^^^^^^^^^^
  File ""/mnt/raid0nvme0/yangshen/code/vllm-omni-uad/docs/uad/script/bench_hunyuan_real_moe.py"", line 120, in create_fused_moe
    moe = FusedMoE(
          ^^^^^^^^^
  File ""/mnt/raid0nvme0/yangshen/code/vllm-omni-uad/.venv/lib/python3.12/site-packages/vllm/model_executor/layers/fused_moe/layer.py"", line 539, in __init__
    self.quant_method: FusedMoEMethodBase = _get_quant_method()
                                            ^^^^^^^^^^^^^^^^^^^
  File ""/mnt/raid0nvme0/yangshen/code/vllm-omni-uad/.venv/lib/python3.12/site-packages/vllm/model_executor/layers/fused_moe/layer.py"", line 533, in _get_quant_method
    quant_method = UnquantizedFusedMoEMethod(self.moe_config)
                   ^^^^^^^^^^^^^^^^^^^^^^^^^^^^^^^^^^^^^^^^^^
  File ""/mnt/raid0nvme0/yangshen/code/vllm-omni-uad/.venv/lib/python3.12/site-packages/vllm/model_executor/layers/fused_moe/unquantized_fused_moe_method.py"", line 48, in __init__
    self.unquantized_backend, self.experts_cls = select_unquantized_moe_backend(
                                                 ^^^^^^^^^^^^^^^^^^^^^^^^^^^^^^^
  File ""/mnt/raid0nvme0/yangshen/code/vllm-omni-uad/.venv/lib/python3.12/site-packages/vllm/model_executor/layers/fused_moe/oracle/unquantized.py"", line 219, in select_unquantized_moe_backend
    requested_backend = map_unquantized_backend(runner_backend)
                        ^^^^^^^^^^^^^^^^^^^^^^^^^^^^^^^^^^^^^^^
  File ""/mnt/raid0nvme0/yangshen/code/vllm-omni-uad/.venv/lib/python3.12/site-packages/vllm/model_executor/layers/fused_moe/oracle/unquantized.py"", line 142, in map_unquantized_backend
    raise ValueError(
ValueError: moe_backend='emulation' is not supported for unquantized MoE. Expected one of ['triton', 'flashinfer_trtllm', 'flashinfer_cutlass', 'aiter'].",1,,,,,,,,,,,,,,,,,,,,
